fold,method,lambda_type,lambda_value,covariate,coefficient,coefficient_standardized,is_nonzero,rmse_fold,pool
Fold1,ridge,min,0.049357081550037187,channel_slope,-0.342963498460592,-0.07173814014772968,TRUE,0.06988408648719623,39_covariate
Fold1,ridge,min,0.049357081550037187,elevation_m,-8.894415685305394e-5,-0.1775839639503847,TRUE,0.06988408648719623,39_covariate
Fold1,ridge,min,0.049357081550037187,base_flow_index,-0.0025135825404637518,-0.17442614457580843,TRUE,0.06988408648719623,39_covariate
Fold1,ridge,min,0.049357081550037187,summer_mean_max_air_temp_c,0.0010576786967640018,0.012023298354024636,TRUE,0.06988408648719623,39_covariate
Fold1,ridge,min,0.049357081550037187,summer_max_air_temp_c,-0.006097180535136789,-0.07206576098808716,TRUE,0.06988408648719623,39_covariate
Fold1,ridge,min,0.049357081550037187,annual_precip_mm,-2.834727271195397e-5,-0.06301060419478456,TRUE,0.06988408648719623,39_covariate
Fold1,ridge,min,0.049357081550037187,summer_precip_mm,4.8443421032570797e-4,0.08704813004095135,TRUE,0.06988408648719623,39_covariate
Fold1,ridge,min,0.049357081550037187,summer_mean_air_temp_c,0.00548185497641535,0.05093282993235052,TRUE,0.06988408648719623,39_covariate
Fold1,ridge,min,0.049357081550037187,wet_season_precip_mm,-3.667561858468718e-5,-0.0707590026450435,TRUE,0.06988408648719623,39_covariate
Fold1,ridge,min,0.049357081550037187,developed_upstream_pct,-0.1534470242583355,-0.08900393911243855,TRUE,0.06988408648719623,39_covariate
Fold1,ridge,min,0.049357081550037187,lakes_upstream_pct,-1.5234188997645564,-0.032137097277954184,TRUE,0.06988408648719623,39_covariate
Fold1,ridge,min,0.049357081550037187,agricultural_upstream_pct,0.060227322836391664,0.059465026974664596,TRUE,0.06988408648719623,39_covariate
Fold1,ridge,min,0.049357081550037187,burned_upstream_pct,-0.03122449150615457,-0.03297967931234635,TRUE,0.06988408648719623,39_covariate
Fold1,ridge,min,0.049357081550037187,road_density_upstream,-0.02027715891314246,-0.12224697368185748,TRUE,0.06988408648719623,39_covariate
Fold1,ridge,min,0.049357081550037187,high_cascades_upstream_pct,-0.14657425652817854,-0.2300003178863654,TRUE,0.06988408648719623,39_covariate
Fold1,ridge,min,0.049357081550037187,wetlands_upstream_pct,-0.2104601711037291,-0.006046708521136408,TRUE,0.06988408648719623,39_covariate
Fold1,ridge,min,0.049357081550037187,veg_cover_upstream_pct,-4.6276139787315723e-4,-0.048492385422415914,TRUE,0.06988408648719623,39_covariate
Fold1,ridge,min,0.049357081550037187,veg_height_upstream_m,-0.0013040273985126477,-0.05062009523650708,TRUE,0.06988408648719623,39_covariate
Fold1,ridge,min,0.049357081550037187,forest_upstream_pct,0.0035154667023048146,0.00685614429504232,TRUE,0.06988408648719623,39_covariate
Fold1,ridge,min,0.049357081550037187,shrub_upstream_pct,0.07419222625332109,0.12115528901543883,TRUE,0.06988408648719623,39_covariate
Fold1,ridge,min,0.049357081550037187,upstream_area_km2,-3.502477780613556e-5,-0.13533850193504346,TRUE,0.06988408648719623,39_covariate
Fold1,ridge,min,0.049357081550037187,burned_reach_pct,0.00692059434619661,0.0076622718558258815,TRUE,0.06988408648719623,39_covariate
Fold1,ridge,min,0.049357081550037187,agricultural_reach_pct,0.032441885733453336,0.04093576094356903,TRUE,0.06988408648719623,39_covariate
Fold1,ridge,min,0.049357081550037187,wetlands_reach_pct,-0.15391100941398603,-0.04719419653208745,TRUE,0.06988408648719623,39_covariate
Fold1,ridge,min,0.049357081550037187,lakes_reach_pct,-1.280471543348096,-0.03829995456398302,TRUE,0.06988408648719623,39_covariate
Fold1,ridge,min,0.049357081550037187,high_cascades_reach_pct,0.051224484646422916,0.05569979268968014,TRUE,0.06988408648719623,39_covariate
Fold1,ridge,min,0.049357081550037187,developed_reach_pct,-0.04047111894557192,-0.027962713195501372,TRUE,0.06988408648719623,39_covariate
Fold1,ridge,min,0.049357081550037187,road_density_reach,9.546545678360398e-4,0.008896950507500098,TRUE,0.06988408648719623,39_covariate
Fold1,ridge,min,0.049357081550037187,veg_cover_reach_pct,-4.3746103557458895e-4,-0.05360012111868329,TRUE,0.06988408648719623,39_covariate
Fold1,ridge,min,0.049357081550037187,veg_height_reach_m,-7.611536836687794e-4,-0.03730496522156627,TRUE,0.06988408648719623,39_covariate
Fold1,ridge,min,0.049357081550037187,developed_buffer_pct,0.11209743312145871,0.04329386253995888,TRUE,0.06988408648719623,39_covariate
Fold1,ridge,min,0.049357081550037187,agricultural_buffer_pct,-0.07995967672716824,-0.059417816117500716,TRUE,0.06988408648719623,39_covariate
Fold1,ridge,min,0.049357081550037187,burned_buffer_pct,-0.10792099058302847,-0.07725116316447017,TRUE,0.06988408648719623,39_covariate
Fold1,ridge,min,0.049357081550037187,wetlands_buffer_pct,0.04495573340897393,0.04177164631176497,TRUE,0.06988408648719623,39_covariate
Fold1,ridge,min,0.049357081550037187,lakes_buffer_pct,-0.17852681958355468,-0.04131475718639148,TRUE,0.06988408648719623,39_covariate
Fold1,ridge,min,0.049357081550037187,high_cascades_buffer_pct,-0.038556111370621655,-0.024792023463896647,TRUE,0.06988408648719623,39_covariate
Fold1,ridge,min,0.049357081550037187,road_density_buffer,0.0027052841745854083,0.03619074599626934,TRUE,0.06988408648719623,39_covariate
Fold1,ridge,min,0.049357081550037187,veg_height_buffer_m,-8.54488473972851e-6,-3.652629974711826e-4,TRUE,0.06988408648719623,39_covariate
Fold1,ridge,min,0.049357081550037187,veg_cover_buffer_pct,-8.68967980890473e-5,-0.009027977400983142,TRUE,0.06988408648719623,39_covariate
Fold1,ridge,1se,0.3821539572732448,channel_slope,-0.1465629171431688,-0.030656764167819615,TRUE,0.0914351946594277,39_covariate
Fold1,ridge,1se,0.3821539572732448,elevation_m,-4.180601626694987e-5,-0.08346898040671362,TRUE,0.0914351946594277,39_covariate
Fold1,ridge,1se,0.3821539572732448,base_flow_index,-0.0012586167883307752,-0.08733975127246846,TRUE,0.0914351946594277,39_covariate
Fold1,ridge,1se,0.3821539572732448,summer_mean_max_air_temp_c,8.200875951070851e-5,9.322451007640103e-4,TRUE,0.0914351946594277,39_covariate
Fold1,ridge,1se,0.3821539572732448,summer_max_air_temp_c,-0.0034830231778579116,-0.0411676699426852,TRUE,0.0914351946594277,39_covariate
Fold1,ridge,1se,0.3821539572732448,annual_precip_mm,-1.5665970925860195e-5,-0.03482247845734072,TRUE,0.0914351946594277,39_covariate
Fold1,ridge,1se,0.3821539572732448,summer_precip_mm,2.733307146595447e-4,0.04911487893861399,TRUE,0.0914351946594277,39_covariate
Fold1,ridge,1se,0.3821539572732448,summer_mean_air_temp_c,0.002838479766829713,0.026372789475888864,TRUE,0.0914351946594277,39_covariate
Fold1,ridge,1se,0.3821539572732448,wet_season_precip_mm,-2.0194065914131968e-5,-0.03896081425682748,TRUE,0.0914351946594277,39_covariate
Fold1,ridge,1se,0.3821539572732448,developed_upstream_pct,-0.03447016035092099,-0.019993740953257406,TRUE,0.0914351946594277,39_covariate
Fold1,ridge,1se,0.3821539572732448,lakes_upstream_pct,-1.7911582702058833,-0.037785160456336,TRUE,0.0914351946594277,39_covariate
Fold1,ridge,1se,0.3821539572732448,agricultural_upstream_pct,0.029216491116588843,0.0288466986499228,TRUE,0.0914351946594277,39_covariate
Fold1,ridge,1se,0.3821539572732448,burned_upstream_pct,-0.00427197040902358,-0.00451210595675067,TRUE,0.0914351946594277,39_covariate
Fold1,ridge,1se,0.3821539572732448,road_density_upstream,-0.006232210238199299,-0.03757276077148825,TRUE,0.0914351946594277,39_covariate
Fold1,ridge,1se,0.3821539572732448,high_cascades_upstream_pct,-0.06473741318786835,-0.10158417968497906,TRUE,0.0914351946594277,39_covariate
Fold1,ridge,1se,0.3821539572732448,wetlands_upstream_pct,0.2549324325395936,0.007324436277263291,TRUE,0.0914351946594277,39_covariate
Fold1,ridge,1se,0.3821539572732448,veg_cover_upstream_pct,-3.2359719736544626e-4,-0.03390948356621566,TRUE,0.0914351946594277,39_covariate
Fold1,ridge,1se,0.3821539572732448,veg_height_upstream_m,-0.0012423305727568541,-0.048225130836901206,TRUE,0.0914351946594277,39_covariate
Fold1,ridge,1se,0.3821539572732448,forest_upstream_pct,-0.013948556837154482,-0.02720359101123928,TRUE,0.0914351946594277,39_covariate
Fold1,ridge,1se,0.3821539572732448,shrub_upstream_pct,0.02029988666447665,0.03314954625324009,TRUE,0.0914351946594277,39_covariate
Fold1,ridge,1se,0.3821539572732448,upstream_area_km2,-9.820867584078905e-6,-0.03794860638056161,TRUE,0.0914351946594277,39_covariate
Fold1,ridge,1se,0.3821539572732448,burned_reach_pct,-4.1816195112109525e-4,-4.629762111419354e-4,TRUE,0.0914351946594277,39_covariate
Fold1,ridge,1se,0.3821539572732448,agricultural_reach_pct,0.03141164514777396,0.03963578465130792,TRUE,0.0914351946594277,39_covariate
Fold1,ridge,1se,0.3821539572732448,wetlands_reach_pct,-0.05359421638002098,-0.016433756041574554,TRUE,0.0914351946594277,39_covariate
Fold1,ridge,1se,0.3821539572732448,lakes_reach_pct,-0.4799251287762365,-0.014354954408578105,TRUE,0.0914351946594277,39_covariate
Fold1,ridge,1se,0.3821539572732448,high_cascades_reach_pct,-0.022781105762690615,-0.024771413065102534,TRUE,0.0914351946594277,39_covariate
Fold1,ridge,1se,0.3821539572732448,developed_reach_pct,-0.0026856230662271113,-0.0018555777430598653,TRUE,0.0914351946594277,39_covariate
Fold1,ridge,1se,0.3821539572732448,road_density_reach,-4.3451260328645797e-4,-0.004049461717956805,TRUE,0.0914351946594277,39_covariate
Fold1,ridge,1se,0.3821539572732448,veg_cover_reach_pct,-3.6686888792691717e-4,-0.04495078470641662,TRUE,0.0914351946594277,39_covariate
Fold1,ridge,1se,0.3821539572732448,veg_height_reach_m,-8.736788421153202e-4,-0.04281994493258361,TRUE,0.0914351946594277,39_covariate
Fold1,ridge,1se,0.3821539572732448,developed_buffer_pct,0.03588138540108311,0.013857978046781922,TRUE,0.0914351946594277,39_covariate
Fold1,ridge,1se,0.3821539572732448,agricultural_buffer_pct,-0.002842863669007777,-0.002112524182765161,TRUE,0.0914351946594277,39_covariate
Fold1,ridge,1se,0.3821539572732448,burned_buffer_pct,-0.028530857652717,-0.020422736372648888,TRUE,0.0914351946594277,39_covariate
Fold1,ridge,1se,0.3821539572732448,wetlands_buffer_pct,-0.005494443194855551,-0.005105287366300101,TRUE,0.0914351946594277,39_covariate
Fold1,ridge,1se,0.3821539572732448,lakes_buffer_pct,-0.0727051117863506,-0.016825449793310628,TRUE,0.0914351946594277,39_covariate
Fold1,ridge,1se,0.3821539572732448,high_cascades_buffer_pct,-0.04054898090905287,-0.02607346151874463,TRUE,0.0914351946594277,39_covariate
Fold1,ridge,1se,0.3821539572732448,road_density_buffer,9.345404509631388e-4,0.012502093643906824,TRUE,0.0914351946594277,39_covariate
Fold1,ridge,1se,0.3821539572732448,veg_height_buffer_m,-3.5701855575866957e-4,-0.015261255335948215,TRUE,0.0914351946594277,39_covariate
Fold1,ridge,1se,0.3821539572732448,veg_cover_buffer_pct,-1.2858012869816505e-4,-0.013358587676763322,TRUE,0.0914351946594277,39_covariate
Fold2,ridge,min,0.07245866209555962,channel_slope,-0.7662948639337083,-0.10545822051957945,TRUE,0.07076411026196043,39_covariate
Fold2,ridge,min,0.07245866209555962,elevation_m,-6.875601475005753e-5,-0.13357732213701737,TRUE,0.07076411026196043,39_covariate
Fold2,ridge,min,0.07245866209555962,base_flow_index,-0.0021630314413979917,-0.14611903248210498,TRUE,0.07076411026196043,39_covariate
Fold2,ridge,min,0.07245866209555962,summer_mean_max_air_temp_c,0.0010151414075016676,0.010661847621527207,TRUE,0.07076411026196043,39_covariate
Fold2,ridge,min,0.07245866209555962,summer_max_air_temp_c,-0.00546986086533136,-0.05890195404454407,TRUE,0.07076411026196043,39_covariate
Fold2,ridge,min,0.07245866209555962,annual_precip_mm,-2.512521205710391e-5,-0.050465946909628745,TRUE,0.07076411026196043,39_covariate
Fold2,ridge,min,0.07245866209555962,summer_precip_mm,5.47753336815127e-4,0.08772243489843937,TRUE,0.07076411026196043,39_covariate
Fold2,ridge,min,0.07245866209555962,summer_mean_air_temp_c,0.005877734143213637,0.05146844269600902,TRUE,0.07076411026196043,39_covariate
Fold2,ridge,min,0.07245866209555962,wet_season_precip_mm,-3.2825716645445154e-5,-0.05752138072575046,TRUE,0.07076411026196043,39_covariate
Fold2,ridge,min,0.07245866209555962,developed_upstream_pct,-0.07174763760978817,-0.03627028717398448,TRUE,0.07076411026196043,39_covariate
Fold2,ridge,min,0.07245866209555962,lakes_upstream_pct,-1.8057423436099365,-0.04094871691204686,TRUE,0.07076411026196043,39_covariate
Fold2,ridge,min,0.07245866209555962,agricultural_upstream_pct,0.03373514227366117,0.03397405800665172,TRUE,0.07076411026196043,39_covariate
Fold2,ridge,min,0.07245866209555962,burned_upstream_pct,-0.04273152793655764,-0.0409933116480779,TRUE,0.07076411026196043,39_covariate
Fold2,ridge,min,0.07245866209555962,road_density_upstream,-0.016870501975325955,-0.0757661324197099,TRUE,0.07076411026196043,39_covariate
Fold2,ridge,min,0.07245866209555962,high_cascades_upstream_pct,-0.12256468295640834,-0.20878162326375488,TRUE,0.07076411026196043,39_covariate
Fold2,ridge,min,0.07245866209555962,wetlands_upstream_pct,0.16555227487153723,0.004412045892134879,TRUE,0.07076411026196043,39_covariate
Fold2,ridge,min,0.07245866209555962,veg_cover_upstream_pct,-3.0172382628708134e-4,-0.03093403150492619,TRUE,0.07076411026196043,39_covariate
Fold2,ridge,min,0.07245866209555962,veg_height_upstream_m,-0.001414069429792906,-0.05394473182405521,TRUE,0.07076411026196043,39_covariate
Fold2,ridge,min,0.07245866209555962,forest_upstream_pct,-0.003004759398599018,-0.005483897751294206,TRUE,0.07076411026196043,39_covariate
Fold2,ridge,min,0.07245866209555962,shrub_upstream_pct,0.059315719586719336,0.08213688757175124,TRUE,0.07076411026196043,39_covariate
Fold2,ridge,min,0.07245866209555962,upstream_area_km2,-3.7084663469615604e-5,-0.14440263940687556,TRUE,0.07076411026196043,39_covariate
Fold2,ridge,min,0.07245866209555962,burned_reach_pct,-0.019539172411829217,-0.021421812634439215,TRUE,0.07076411026196043,39_covariate
Fold2,ridge,min,0.07245866209555962,agricultural_reach_pct,0.03459295393316856,0.04030561889808422,TRUE,0.07076411026196043,39_covariate
Fold2,ridge,min,0.07245866209555962,wetlands_reach_pct,-0.11425117396557562,-0.06624067871343835,TRUE,0.07076411026196043,39_covariate
Fold2,ridge,min,0.07245866209555962,lakes_reach_pct,-0.20966078581818887,-0.011103548016384607,TRUE,0.07076411026196043,39_covariate
Fold2,ridge,min,0.07245866209555962,high_cascades_reach_pct,0.0033482940933237198,0.0041421116447990765,TRUE,0.07076411026196043,39_covariate
Fold2,ridge,min,0.07245866209555962,developed_reach_pct,-0.045633972853437836,-0.028926316299272274,TRUE,0.07076411026196043,39_covariate
Fold2,ridge,min,0.07245866209555962,road_density_reach,-0.0028864485844040384,-0.023767732270326643,TRUE,0.07076411026196043,39_covariate
Fold2,ridge,min,0.07245866209555962,veg_cover_reach_pct,-5.637683510781264e-4,-0.06461604778356395,TRUE,0.07076411026196043,39_covariate
Fold2,ridge,min,0.07245866209555962,veg_height_reach_m,-7.480180285170422e-4,-0.03354734943318979,TRUE,0.07076411026196043,39_covariate
Fold2,ridge,min,0.07245866209555962,developed_buffer_pct,-0.04962980056804474,-0.016298123994432874,TRUE,0.07076411026196043,39_covariate
Fold2,ridge,min,0.07245866209555962,agricultural_buffer_pct,0.02267002664081359,0.011366366681608174,TRUE,0.07076411026196043,39_covariate
Fold2,ridge,min,0.07245866209555962,burned_buffer_pct,-0.0795980829267463,-0.04949870299349421,TRUE,0.07076411026196043,39_covariate
Fold2,ridge,min,0.07245866209555962,wetlands_buffer_pct,-0.009474678609645078,-0.009608407823318942,TRUE,0.07076411026196043,39_covariate
Fold2,ridge,min,0.07245866209555962,lakes_buffer_pct,-0.040042500786424816,-0.019834243586081796,TRUE,0.07076411026196043,39_covariate
Fold2,ridge,min,0.07245866209555962,high_cascades_buffer_pct,-0.061924535325041954,-0.042154129065213534,TRUE,0.07076411026196043,39_covariate
Fold2,ridge,min,0.07245866209555962,road_density_buffer,0.0022040449797357062,0.028639634604555625,TRUE,0.07076411026196043,39_covariate
Fold2,ridge,min,0.07245866209555962,veg_height_buffer_m,4.6241214162011905e-4,0.017113838585916225,TRUE,0.07076411026196043,39_covariate
Fold2,ridge,min,0.07245866209555962,veg_cover_buffer_pct,-2.0367120996762477e-4,-0.019166632121120034,TRUE,0.07076411026196043,39_covariate
Fold2,ridge,1se,0.3523376047952897,channel_slope,-0.35183672415908407,-0.04842010117722123,TRUE,0.08219871616385105,39_covariate
Fold2,ridge,1se,0.3523376047952897,elevation_m,-4.4311019133229814e-5,-0.08608624712318753,TRUE,0.08219871616385105,39_covariate
Fold2,ridge,1se,0.3523376047952897,base_flow_index,-0.0013430772233368232,-0.09072875255844207,TRUE,0.08219871616385105,39_covariate
Fold2,ridge,1se,0.3523376047952897,summer_mean_max_air_temp_c,8.418847116595462e-4,0.008842163706727435,TRUE,0.08219871616385105,39_covariate
Fold2,ridge,1se,0.3523376047952897,summer_max_air_temp_c,-0.003403463813060813,-0.03665004906793591,TRUE,0.08219871616385105,39_covariate
Fold2,ridge,1se,0.3523376047952897,annual_precip_mm,-1.6630316049506134e-5,-0.033403286107088974,TRUE,0.08219871616385105,39_covariate
Fold2,ridge,1se,0.3523376047952897,summer_precip_mm,3.381462728031029e-4,0.05415396385276922,TRUE,0.08219871616385105,39_covariate
Fold2,ridge,1se,0.3523376047952897,summer_mean_air_temp_c,0.00420981028502828,0.03686324936390919,TRUE,0.08219871616385105,39_covariate
Fold2,ridge,1se,0.3523376047952897,wet_season_precip_mm,-2.1719850720227394e-5,-0.0380602749996023,TRUE,0.08219871616385105,39_covariate
Fold2,ridge,1se,0.3523376047952897,developed_upstream_pct,-0.016626809137946872,-0.008405282212916932,TRUE,0.08219871616385105,39_covariate
Fold2,ridge,1se,0.3523376047952897,lakes_upstream_pct,-1.7494071588023745,-0.039671207115017364,TRUE,0.08219871616385105,39_covariate
Fold2,ridge,1se,0.3523376047952897,agricultural_upstream_pct,0.025875296285529634,0.026058547784167347,TRUE,0.08219871616385105,39_covariate
Fold2,ridge,1se,0.3523376047952897,burned_upstream_pct,-0.013648639243923873,-0.013093445264326533,TRUE,0.08219871616385105,39_covariate
Fold2,ridge,1se,0.3523376047952897,road_density_upstream,-0.006963934742132197,-0.03127532320059563,TRUE,0.08219871616385105,39_covariate
Fold2,ridge,1se,0.3523376047952897,high_cascades_upstream_pct,-0.06707556650499862,-0.11425922474935384,TRUE,0.08219871616385105,39_covariate
Fold2,ridge,1se,0.3523376047952897,wetlands_upstream_pct,0.24145873776719531,0.006434988784735718,TRUE,0.08219871616385105,39_covariate
Fold2,ridge,1se,0.3523376047952897,veg_cover_upstream_pct,-2.656019637436972e-4,-0.027230661944477593,TRUE,0.08219871616385105,39_covariate
Fold2,ridge,1se,0.3523376047952897,veg_height_upstream_m,-0.0012309106085125934,-0.04695748403621247,TRUE,0.08219871616385105,39_covariate
Fold2,ridge,1se,0.3523376047952897,forest_upstream_pct,-0.013137829428961809,-0.02397746498304074,TRUE,0.08219871616385105,39_covariate
Fold2,ridge,1se,0.3523376047952897,shrub_upstream_pct,0.019861233807861717,0.027502657637451237,TRUE,0.08219871616385105,39_covariate
Fold2,ridge,1se,0.3523376047952897,upstream_area_km2,-1.2773271909445929e-5,-0.0497373848112963,TRUE,0.08219871616385105,39_covariate
Fold2,ridge,1se,0.3523376047952897,burned_reach_pct,-0.011699883462172316,-0.012827191760675273,TRUE,0.08219871616385105,39_covariate
Fold2,ridge,1se,0.3523376047952897,agricultural_reach_pct,0.0397497581264233,0.04631401543302361,TRUE,0.08219871616385105,39_covariate
Fold2,ridge,1se,0.3523376047952897,wetlands_reach_pct,-0.06247922967478074,-0.036224280552226734,TRUE,0.08219871616385105,39_covariate
Fold2,ridge,1se,0.3523376047952897,lakes_reach_pct,-0.15312948811737795,-0.008109674002224388,TRUE,0.08219871616385105,39_covariate
Fold2,ridge,1se,0.3523376047952897,high_cascades_reach_pct,-0.029276470566325666,-0.036217371076570685,TRUE,0.08219871616385105,39_covariate
Fold2,ridge,1se,0.3523376047952897,developed_reach_pct,-0.016265287214029856,-0.01031018807331591,TRUE,0.08219871616385105,39_covariate
Fold2,ridge,1se,0.3523376047952897,road_density_reach,-0.002805443284494425,-0.02310071457559548,TRUE,0.08219871616385105,39_covariate
Fold2,ridge,1se,0.3523376047952897,veg_cover_reach_pct,-4.1725195472486e-4,-0.047823139047673796,TRUE,0.08219871616385105,39_covariate
Fold2,ridge,1se,0.3523376047952897,veg_height_reach_m,-9.317031231795581e-4,-0.04178531672995204,TRUE,0.08219871616385105,39_covariate
Fold2,ridge,1se,0.3523376047952897,developed_buffer_pct,-0.011630643565136309,-0.003819432453687822,TRUE,0.08219871616385105,39_covariate
Fold2,ridge,1se,0.3523376047952897,agricultural_buffer_pct,0.03682929035281973,0.01846558124549871,TRUE,0.08219871616385105,39_covariate
Fold2,ridge,1se,0.3523376047952897,burned_buffer_pct,-0.02918867631350652,-0.018151211266546983,TRUE,0.08219871616385105,39_covariate
Fold2,ridge,1se,0.3523376047952897,wetlands_buffer_pct,-0.02582071765994783,-0.026185161079236435,TRUE,0.08219871616385105,39_covariate
Fold2,ridge,1se,0.3523376047952897,lakes_buffer_pct,-0.025739276885661997,-0.012749430666251014,TRUE,0.08219871616385105,39_covariate
Fold2,ridge,1se,0.3523376047952897,high_cascades_buffer_pct,-0.055108839170180335,-0.037514453791540066,TRUE,0.08219871616385105,39_covariate
Fold2,ridge,1se,0.3523376047952897,road_density_buffer,3.5844505200201e-4,0.004657679588907256,TRUE,0.08219871616385105,39_covariate
Fold2,ridge,1se,0.3523376047952897,veg_height_buffer_m,-6.313932170179352e-5,-0.0023367815478262904,TRUE,0.08219871616385105,39_covariate
Fold2,ridge,1se,0.3523376047952897,veg_cover_buffer_pct,-1.1157952273894622e-4,-0.010500274756198868,TRUE,0.08219871616385105,39_covariate
Fold3,ridge,min,0.034358805949534485,channel_slope,-0.5058316409305996,-0.09958487324455939,TRUE,0.07635225731693523,39_covariate
Fold3,ridge,min,0.034358805949534485,elevation_m,-8.459582446143291e-5,-0.1655814894127082,TRUE,0.07635225731693523,39_covariate
Fold3,ridge,min,0.034358805949534485,base_flow_index,-0.002634596409202424,-0.18020572864563048,TRUE,0.07635225731693523,39_covariate
Fold3,ridge,min,0.034358805949534485,summer_mean_max_air_temp_c,0.004642292103365319,0.05006528929706482,TRUE,0.07635225731693523,39_covariate
Fold3,ridge,min,0.034358805949534485,summer_max_air_temp_c,-0.00208434619450576,-0.0228667805139884,TRUE,0.07635225731693523,39_covariate
Fold3,ridge,min,0.034358805949534485,annual_precip_mm,-2.240799302133161e-5,-0.04207167502866079,TRUE,0.07635225731693523,39_covariate
Fold3,ridge,min,0.034358805949534485,summer_precip_mm,2.131634714642704e-4,0.03316932527157837,TRUE,0.07635225731693523,39_covariate
Fold3,ridge,min,0.034358805949534485,summer_mean_air_temp_c,0.00821504172593316,0.07482190887088874,TRUE,0.07635225731693523,39_covariate
Fold3,ridge,min,0.034358805949534485,wet_season_precip_mm,-2.8457795930042275e-5,-0.047033277545202985,TRUE,0.07635225731693523,39_covariate
Fold3,ridge,min,0.034358805949534485,developed_upstream_pct,-0.09345265080345733,-0.048768673499125705,TRUE,0.07635225731693523,39_covariate
Fold3,ridge,min,0.034358805949534485,lakes_upstream_pct,-0.890242735854205,-0.020344201976625488,TRUE,0.07635225731693523,39_covariate
Fold3,ridge,min,0.034358805949534485,agricultural_upstream_pct,0.04581112760004263,0.05133136925641627,TRUE,0.07635225731693523,39_covariate
Fold3,ridge,min,0.034358805949534485,burned_upstream_pct,-0.010114115133087166,-0.009585141542413366,TRUE,0.07635225731693523,39_covariate
Fold3,ridge,min,0.034358805949534485,road_density_upstream,-0.02899355514664592,-0.1655248521203832,TRUE,0.07635225731693523,39_covariate
Fold3,ridge,min,0.034358805949534485,high_cascades_upstream_pct,-0.1556592410762515,-0.2717705782152163,TRUE,0.07635225731693523,39_covariate
Fold3,ridge,min,0.034358805949534485,wetlands_upstream_pct,-0.6286237522304451,-0.01978392640533778,TRUE,0.07635225731693523,39_covariate
Fold3,ridge,min,0.034358805949534485,veg_cover_upstream_pct,-5.834867134902164e-4,-0.06410640146509551,TRUE,0.07635225731693523,39_covariate
Fold3,ridge,min,0.034358805949534485,veg_height_upstream_m,-0.0017362054072407635,-0.0706629877381745,TRUE,0.07635225731693523,39_covariate
Fold3,ridge,min,0.034358805949534485,forest_upstream_pct,0.015381440161187839,0.028699178432678458,TRUE,0.07635225731693523,39_covariate
Fold3,ridge,min,0.034358805949534485,shrub_upstream_pct,0.0697782726501947,0.09888986179364971,TRUE,0.07635225731693523,39_covariate
Fold3,ridge,min,0.034358805949534485,upstream_area_km2,-6.173851188972228e-5,-0.207392785169158,TRUE,0.07635225731693523,39_covariate
Fold3,ridge,min,0.034358805949534485,burned_reach_pct,0.0228866178441786,0.02745755735519773,TRUE,0.07635225731693523,39_covariate
Fold3,ridge,min,0.034358805949534485,agricultural_reach_pct,-0.0036760978503443996,-0.004241331181510706,TRUE,0.07635225731693523,39_covariate
Fold3,ridge,min,0.034358805949534485,wetlands_reach_pct,-0.12523573125464948,-0.07126369852543843,TRUE,0.07635225731693523,39_covariate
Fold3,ridge,min,0.034358805949534485,lakes_reach_pct,0.5672228353329258,0.027498149324375182,TRUE,0.07635225731693523,39_covariate
Fold3,ridge,min,0.034358805949534485,high_cascades_reach_pct,0.02627725245285294,0.03300827673937316,TRUE,0.07635225731693523,39_covariate
Fold3,ridge,min,0.034358805949534485,developed_reach_pct,-0.03879736834841288,-0.03198351789594908,TRUE,0.07635225731693523,39_covariate
Fold3,ridge,min,0.034358805949534485,road_density_reach,-0.008712263618780717,-0.09001438694323853,TRUE,0.07635225731693523,39_covariate
Fold3,ridge,min,0.034358805949534485,veg_cover_reach_pct,-5.252199713343638e-4,-0.060780175882567976,TRUE,0.07635225731693523,39_covariate
Fold3,ridge,min,0.034358805949534485,veg_height_reach_m,-0.0014944960701263102,-0.0695139363731338,TRUE,0.07635225731693523,39_covariate
Fold3,ridge,min,0.034358805949534485,developed_buffer_pct,0.10269429995454897,0.0419519349582323,TRUE,0.07635225731693523,39_covariate
Fold3,ridge,min,0.034358805949534485,agricultural_buffer_pct,-0.08953058852528192,-0.06416403710765227,TRUE,0.07635225731693523,39_covariate
Fold3,ridge,min,0.034358805949534485,burned_buffer_pct,-0.13414578309598574,-0.09350653361850206,TRUE,0.07635225731693523,39_covariate
Fold3,ridge,min,0.034358805949534485,wetlands_buffer_pct,0.044669771157920944,0.044989401425401206,TRUE,0.07635225731693523,39_covariate
Fold3,ridge,min,0.034358805949534485,lakes_buffer_pct,0.026531679188405464,0.012408827200932705,TRUE,0.07635225731693523,39_covariate
Fold3,ridge,min,0.034358805949534485,high_cascades_buffer_pct,-0.03454174916440826,-0.02868471308375247,TRUE,0.07635225731693523,39_covariate
Fold3,ridge,min,0.034358805949534485,road_density_buffer,8.984439921673828e-4,0.01247578881820091,TRUE,0.07635225731693523,39_covariate
Fold3,ridge,min,0.034358805949534485,veg_height_buffer_m,-1.751651395931805e-4,-0.00723755530180877,TRUE,0.07635225731693523,39_covariate
Fold3,ridge,min,0.034358805949534485,veg_cover_buffer_pct,2.3092060656051266e-5,0.0022335528830943144,TRUE,0.07635225731693523,39_covariate
Fold3,ridge,1se,0.20124024172999266,channel_slope,-0.25132103892216817,-0.0494784663108667,TRUE,0.08670407034353189,39_covariate
Fold3,ridge,1se,0.20124024172999266,elevation_m,-5.323698883273325e-5,-0.10420206858779958,TRUE,0.08670407034353189,39_covariate
Fold3,ridge,1se,0.20124024172999266,base_flow_index,-0.0016843130697642725,-0.11520658835791679,TRUE,0.08670407034353189,39_covariate
Fold3,ridge,1se,0.20124024172999266,summer_mean_max_air_temp_c,0.0018969647386581053,0.02045801649542933,TRUE,0.08670407034353189,39_covariate
Fold3,ridge,1se,0.20124024172999266,summer_max_air_temp_c,-0.002894721592653219,-0.031757182891587625,TRUE,0.08670407034353189,39_covariate
Fold3,ridge,1se,0.20124024172999266,annual_precip_mm,-2.3302379086955743e-5,-0.043750911534459425,TRUE,0.08670407034353189,39_covariate
Fold3,ridge,1se,0.20124024172999266,summer_precip_mm,3.116884590660736e-4,0.04850031673411048,TRUE,0.08670407034353189,39_covariate
Fold3,ridge,1se,0.20124024172999266,summer_mean_air_temp_c,0.005053329011065771,0.04602529547318063,TRUE,0.08670407034353189,39_covariate
Fold3,ridge,1se,0.20124024172999266,wet_season_precip_mm,-2.9240811099491046e-5,-0.04832739638270262,TRUE,0.08670407034353189,39_covariate
Fold3,ridge,1se,0.20124024172999266,developed_upstream_pct,-0.03806039218685978,-0.019861981697163054,TRUE,0.08670407034353189,39_covariate
Fold3,ridge,1se,0.20124024172999266,lakes_upstream_pct,-1.9251848613461127,-0.04399513535371473,TRUE,0.08670407034353189,39_covariate
Fold3,ridge,1se,0.20124024172999266,agricultural_upstream_pct,0.028184651191816974,0.0315809021406647,TRUE,0.08670407034353189,39_covariate
Fold3,ridge,1se,0.20124024172999266,burned_upstream_pct,-0.013974672748745398,-0.01324378994534401,TRUE,0.08670407034353189,39_covariate
Fold3,ridge,1se,0.20124024172999266,road_density_upstream,-0.011135333242878291,-0.0635718655065259,TRUE,0.08670407034353189,39_covariate
Fold3,ridge,1se,0.20124024172999266,high_cascades_upstream_pct,-0.08556827507526146,-0.14939646007069235,TRUE,0.08670407034353189,39_covariate
Fold3,ridge,1se,0.20124024172999266,wetlands_upstream_pct,-0.005797524294427579,-1.8245857489022522e-4,TRUE,0.08670407034353189,39_covariate
Fold3,ridge,1se,0.20124024172999266,veg_cover_upstream_pct,-3.479267927849182e-4,-0.03822595123943135,TRUE,0.08670407034353189,39_covariate
Fold3,ridge,1se,0.20124024172999266,veg_height_upstream_m,-0.0014214089341182017,-0.05785087505409307,TRUE,0.08670407034353189,39_covariate
Fold3,ridge,1se,0.20124024172999266,forest_upstream_pct,-0.011790095632752757,-0.02199833401533605,TRUE,0.08670407034353189,39_covariate
Fold3,ridge,1se,0.20124024172999266,shrub_upstream_pct,0.020711806304463277,0.02935279973485416,TRUE,0.08670407034353189,39_covariate
Fold3,ridge,1se,0.20124024172999266,upstream_area_km2,-2.3575581434223207e-5,-0.07919538948977795,TRUE,0.08670407034353189,39_covariate
Fold3,ridge,1se,0.20124024172999266,burned_reach_pct,-0.0014767163460971998,-0.001771647695888598,TRUE,0.08670407034353189,39_covariate
Fold3,ridge,1se,0.20124024172999266,agricultural_reach_pct,0.02873403531235351,0.03315215342526779,TRUE,0.08670407034353189,39_covariate
Fold3,ridge,1se,0.20124024172999266,wetlands_reach_pct,-0.07198061342178669,-0.04095959422423936,TRUE,0.08670407034353189,39_covariate
Fold3,ridge,1se,0.20124024172999266,lakes_reach_pct,0.106119127609484,0.005144503069001582,TRUE,0.08670407034353189,39_covariate
Fold3,ridge,1se,0.20124024172999266,high_cascades_reach_pct,-0.030025317297135305,-0.03771642352295197,TRUE,0.08670407034353189,39_covariate
Fold3,ridge,1se,0.20124024172999266,developed_reach_pct,-0.015147153105860497,-0.012486909887376116,TRUE,0.08670407034353189,39_covariate
Fold3,ridge,1se,0.20124024172999266,road_density_reach,-0.005333151644720213,-0.0551016815813476,TRUE,0.08670407034353189,39_covariate
Fold3,ridge,1se,0.20124024172999266,veg_cover_reach_pct,-3.734402416745564e-4,-0.043215728284175345,TRUE,0.08670407034353189,39_covariate
Fold3,ridge,1se,0.20124024172999266,veg_height_reach_m,-0.0010376617508693945,-0.04826506698051962,TRUE,0.08670407034353189,39_covariate
Fold3,ridge,1se,0.20124024172999266,developed_buffer_pct,0.03158178947217487,0.012901564920230774,TRUE,0.08670407034353189,39_covariate
Fold3,ridge,1se,0.20124024172999266,agricultural_buffer_pct,-0.01621482692804016,-0.011620707222438667,TRUE,0.08670407034353189,39_covariate
Fold3,ridge,1se,0.20124024172999266,burned_buffer_pct,-0.03012289493368949,-0.020997212307361228,TRUE,0.08670407034353189,39_covariate
Fold3,ridge,1se,0.20124024172999266,wetlands_buffer_pct,-0.010298206204898474,-0.010371894032673587,TRUE,0.08670407034353189,39_covariate
Fold3,ridge,1se,0.20124024172999266,lakes_buffer_pct,-0.0019189310765656078,-8.974812325489099e-4,TRUE,0.08670407034353189,39_covariate
Fold3,ridge,1se,0.20124024172999266,high_cascades_buffer_pct,-0.041111137194498534,-0.034140169606294374,TRUE,0.08670407034353189,39_covariate
Fold3,ridge,1se,0.20124024172999266,road_density_buffer,-0.0016374136848265803,-0.02273711830455737,TRUE,0.08670407034353189,39_covariate
Fold3,ridge,1se,0.20124024172999266,veg_height_buffer_m,-1.386159520985627e-4,-0.005727398849772509,TRUE,0.08670407034353189,39_covariate
Fold3,ridge,1se,0.20124024172999266,veg_cover_buffer_pct,-1.4685852356496032e-5,-0.0014204720990525154,TRUE,0.08670407034353189,39_covariate
Fold4,ridge,min,0.06146362087773067,channel_slope,-0.40642962940487776,-0.07727026250351281,TRUE,0.06580774325418373,39_covariate
Fold4,ridge,min,0.06146362087773067,elevation_m,-7.656908625162092e-5,-0.15201408987772128,TRUE,0.06580774325418373,39_covariate
Fold4,ridge,min,0.06146362087773067,base_flow_index,-0.0026369009422920328,-0.17848801383159418,TRUE,0.06580774325418373,39_covariate
Fold4,ridge,min,0.06146362087773067,summer_mean_max_air_temp_c,0.0023129594201249048,0.025503488181486993,TRUE,0.06580774325418373,39_covariate
Fold4,ridge,min,0.06146362087773067,summer_max_air_temp_c,-0.004113607387094475,-0.04572326481212884,TRUE,0.06580774325418373,39_covariate
Fold4,ridge,min,0.06146362087773067,annual_precip_mm,-2.3025853784986893e-5,-0.04828276819962893,TRUE,0.06580774325418373,39_covariate
Fold4,ridge,min,0.06146362087773067,summer_precip_mm,4.93044725476195e-4,0.08490643210144684,TRUE,0.06580774325418373,39_covariate
Fold4,ridge,min,0.06146362087773067,summer_mean_air_temp_c,0.007456508842519723,0.06824352347028598,TRUE,0.06580774325418373,39_covariate
Fold4,ridge,min,0.06146362087773067,wet_season_precip_mm,-3.0161633742959913e-5,-0.055027203837919515,TRUE,0.06580774325418373,39_covariate
Fold4,ridge,min,0.06146362087773067,developed_upstream_pct,-0.12511047871270642,-0.0738906293378067,TRUE,0.06580774325418373,39_covariate
Fold4,ridge,min,0.06146362087773067,lakes_upstream_pct,-1.3390115686586768,-0.03003152682046801,TRUE,0.06580774325418373,39_covariate
Fold4,ridge,min,0.06146362087773067,agricultural_upstream_pct,0.06799383473186149,0.0687869858374722,TRUE,0.06580774325418373,39_covariate
Fold4,ridge,min,0.06146362087773067,burned_upstream_pct,-0.0459007089106138,-0.04214008392132857,TRUE,0.06580774325418373,39_covariate
Fold4,ridge,min,0.06146362087773067,road_density_upstream,-0.021512125460165964,-0.11709067069711634,TRUE,0.06580774325418373,39_covariate
Fold4,ridge,min,0.06146362087773067,high_cascades_upstream_pct,-0.12262653829542311,-0.20820082434704165,TRUE,0.06580774325418373,39_covariate
Fold4,ridge,min,0.06146362087773067,wetlands_upstream_pct,-0.8048080501535397,-0.024772960701917122,TRUE,0.06580774325418373,39_covariate
Fold4,ridge,min,0.06146362087773067,veg_cover_upstream_pct,-5.860572301594099e-4,-0.062388438377479455,TRUE,0.06580774325418373,39_covariate
Fold4,ridge,min,0.06146362087773067,veg_height_upstream_m,-0.0019626012394257496,-0.07722922375682785,TRUE,0.06580774325418373,39_covariate
Fold4,ridge,min,0.06146362087773067,forest_upstream_pct,-0.003271534307317694,-0.005935515640232414,TRUE,0.06580774325418373,39_covariate
Fold4,ridge,min,0.06146362087773067,shrub_upstream_pct,0.07543428819851106,0.1104336207144882,TRUE,0.06580774325418373,39_covariate
Fold4,ridge,min,0.06146362087773067,upstream_area_km2,-4.038471154186104e-5,-0.15612389988485223,TRUE,0.06580774325418373,39_covariate
Fold4,ridge,min,0.06146362087773067,burned_reach_pct,-0.008952934685306618,-0.009675621368073133,TRUE,0.06580774325418373,39_covariate
Fold4,ridge,min,0.06146362087773067,agricultural_reach_pct,-0.0017449776775321489,-0.0020676622533897693,TRUE,0.06580774325418373,39_covariate
Fold4,ridge,min,0.06146362087773067,wetlands_reach_pct,-0.12285870225035911,-0.07009881362130599,TRUE,0.06580774325418373,39_covariate
Fold4,ridge,min,0.06146362087773067,lakes_reach_pct,-0.35228309022924637,-0.018489087169455437,TRUE,0.06580774325418373,39_covariate
Fold4,ridge,min,0.06146362087773067,high_cascades_reach_pct,0.005000394286291915,0.005878118821450257,TRUE,0.06580774325418373,39_covariate
Fold4,ridge,min,0.06146362087773067,developed_reach_pct,-0.057527041619345194,-0.047791741103331516,TRUE,0.06580774325418373,39_covariate
Fold4,ridge,min,0.06146362087773067,road_density_reach,-0.0022378377716157772,-0.023229715717059243,TRUE,0.06580774325418373,39_covariate
Fold4,ridge,min,0.06146362087773067,veg_cover_reach_pct,-5.085742815358373e-4,-0.06161700115170448,TRUE,0.06580774325418373,39_covariate
Fold4,ridge,min,0.06146362087773067,veg_height_reach_m,-0.0011095626286310783,-0.05292935634859296,TRUE,0.06580774325418373,39_covariate
Fold4,ridge,min,0.06146362087773067,developed_buffer_pct,0.02236148389524494,0.00957247425307064,TRUE,0.06580774325418373,39_covariate
Fold4,ridge,min,0.06146362087773067,agricultural_buffer_pct,-0.048051209000172124,-0.03189383756215282,TRUE,0.06580774325418373,39_covariate
Fold4,ridge,min,0.06146362087773067,burned_buffer_pct,-0.09251048712116154,-0.05798718020837932,TRUE,0.06580774325418373,39_covariate
Fold4,ridge,min,0.06146362087773067,wetlands_buffer_pct,0.003283565185590964,0.003330987848333134,TRUE,0.06580774325418373,39_covariate
Fold4,ridge,min,0.06146362087773067,lakes_buffer_pct,-0.016549652527790424,-0.008095051120660798,TRUE,0.06580774325418373,39_covariate
Fold4,ridge,min,0.06146362087773067,high_cascades_buffer_pct,-0.024438992064900182,-0.01987889286013164,TRUE,0.06580774325418373,39_covariate
Fold4,ridge,min,0.06146362087773067,road_density_buffer,4.147431616763849e-4,0.005973895830880502,TRUE,0.06580774325418373,39_covariate
Fold4,ridge,min,0.06146362087773067,veg_height_buffer_m,-5.277850552042293e-4,-0.021987216800768705,TRUE,0.06580774325418373,39_covariate
Fold4,ridge,min,0.06146362087773067,veg_cover_buffer_pct,-2.3912142633305427e-4,-0.023742443037311343,TRUE,0.06580774325418373,39_covariate
Fold4,ridge,1se,0.27232203752167405,channel_slope,-0.2077123374747039,-0.03949019874705027,TRUE,0.07514011019846108,39_covariate
Fold4,ridge,1se,0.27232203752167405,elevation_m,-4.888689905841747e-5,-0.09705610751169229,TRUE,0.07514011019846108,39_covariate
Fold4,ridge,1se,0.27232203752167405,base_flow_index,-0.0016382933864160184,-0.11089371160095972,TRUE,0.07514011019846108,39_covariate
Fold4,ridge,1se,0.27232203752167405,summer_mean_max_air_temp_c,0.0012179531408112124,0.013429571337056273,TRUE,0.07514011019846108,39_covariate
Fold4,ridge,1se,0.27232203752167405,summer_max_air_temp_c,-0.0031605653391842256,-0.03513008227594308,TRUE,0.07514011019846108,39_covariate
Fold4,ridge,1se,0.27232203752167405,annual_precip_mm,-1.6806432979474643e-5,-0.035241303770444966,TRUE,0.07514011019846108,39_covariate
Fold4,ridge,1se,0.27232203752167405,summer_precip_mm,3.4147181299961705e-4,0.05880430680402802,TRUE,0.07514011019846108,39_covariate
Fold4,ridge,1se,0.27232203752167405,summer_mean_air_temp_c,0.004872993709816824,0.04459865436088776,TRUE,0.07514011019846108,39_covariate
Fold4,ridge,1se,0.27232203752167405,wet_season_precip_mm,-2.206357367573212e-5,-0.04025301733964763,TRUE,0.07514011019846108,39_covariate
Fold4,ridge,1se,0.27232203752167405,developed_upstream_pct,-0.04078144422930025,-0.024085645026803167,TRUE,0.07514011019846108,39_covariate
Fold4,ridge,1se,0.27232203752167405,lakes_upstream_pct,-1.631616370580999,-0.036594105637864256,TRUE,0.07514011019846108,39_covariate
Fold4,ridge,1se,0.27232203752167405,agricultural_upstream_pct,0.036990426363069324,0.03742192133143785,TRUE,0.07514011019846108,39_covariate
Fold4,ridge,1se,0.27232203752167405,burned_upstream_pct,-0.013761575502390046,-0.012634095645226955,TRUE,0.07514011019846108,39_covariate
Fold4,ridge,1se,0.27232203752167405,road_density_upstream,-0.009208432815103015,-0.05012157336039583,TRUE,0.07514011019846108,39_covariate
Fold4,ridge,1se,0.27232203752167405,high_cascades_upstream_pct,-0.07462164500976094,-0.1266959682718566,TRUE,0.07514011019846108,39_covariate
Fold4,ridge,1se,0.27232203752167405,wetlands_upstream_pct,0.05096811722072245,0.0015688600091894956,TRUE,0.07514011019846108,39_covariate
Fold4,ridge,1se,0.27232203752167405,veg_cover_upstream_pct,-3.705136123939237e-4,-0.03944284702121675,TRUE,0.07514011019846108,39_covariate
Fold4,ridge,1se,0.27232203752167405,veg_height_upstream_m,-0.0014736014566134937,-0.05798686678425309,TRUE,0.07514011019846108,39_covariate
Fold4,ridge,1se,0.27232203752167405,forest_upstream_pct,-0.01526644013974914,-0.027697766768781593,TRUE,0.07514011019846108,39_covariate
Fold4,ridge,1se,0.27232203752167405,shrub_upstream_pct,0.02845452132771566,0.041656597960439044,TRUE,0.07514011019846108,39_covariate
Fold4,ridge,1se,0.27232203752167405,upstream_area_km2,-1.5410861648515203e-5,-0.05957709562090438,TRUE,0.07514011019846108,39_covariate
Fold4,ridge,1se,0.27232203752167405,burned_reach_pct,-0.011191591075032146,-0.01209498355059306,TRUE,0.07514011019846108,39_covariate
Fold4,ridge,1se,0.27232203752167405,agricultural_reach_pct,0.028016661031615202,0.03319755503291793,TRUE,0.07514011019846108,39_covariate
Fold4,ridge,1se,0.27232203752167405,wetlands_reach_pct,-0.0648746003615909,-0.03701514370741758,TRUE,0.07514011019846108,39_covariate
Fold4,ridge,1se,0.27232203752167405,lakes_reach_pct,-0.19228937532496349,-0.010092039955224135,TRUE,0.07514011019846108,39_covariate
Fold4,ridge,1se,0.27232203752167405,high_cascades_reach_pct,-0.029871334246387292,-0.03511468136360283,TRUE,0.07514011019846108,39_covariate
Fold4,ridge,1se,0.27232203752167405,developed_reach_pct,-0.017977365643094018,-0.014935056285699116,TRUE,0.07514011019846108,39_covariate
Fold4,ridge,1se,0.27232203752167405,road_density_reach,-0.0024021912534687934,-0.024935775338082538,TRUE,0.07514011019846108,39_covariate
Fold4,ridge,1se,0.27232203752167405,veg_cover_reach_pct,-4.0149077744260525e-4,-0.048643155177591296,TRUE,0.07514011019846108,39_covariate
Fold4,ridge,1se,0.27232203752167405,veg_height_reach_m,-9.78651649906549e-4,-0.04668452287632437,TRUE,0.07514011019846108,39_covariate
Fold4,ridge,1se,0.27232203752167405,developed_buffer_pct,0.01392620241901281,0.0059615101897328715,TRUE,0.07514011019846108,39_covariate
Fold4,ridge,1se,0.27232203752167405,agricultural_buffer_pct,4.0614941986778975e-4,2.6958038918811577e-4,TRUE,0.07514011019846108,39_covariate
Fold4,ridge,1se,0.27232203752167405,burned_buffer_pct,-0.03461492210116737,-0.021697234424358117,TRUE,0.07514011019846108,39_covariate
Fold4,ridge,1se,0.27232203752167405,wetlands_buffer_pct,-0.019075978365305814,-0.019351481861464365,TRUE,0.07514011019846108,39_covariate
Fold4,ridge,1se,0.27232203752167405,lakes_buffer_pct,-0.020892462248266207,-0.01021928101826867,TRUE,0.07514011019846108,39_covariate
Fold4,ridge,1se,0.27232203752167405,high_cascades_buffer_pct,-0.03580134522260428,-0.029121131675102215,TRUE,0.07514011019846108,39_covariate
Fold4,ridge,1se,0.27232203752167405,road_density_buffer,-3.960969147094682e-4,-0.005705318197033587,TRUE,0.07514011019846108,39_covariate
Fold4,ridge,1se,0.27232203752167405,veg_height_buffer_m,-3.4637565844955584e-4,-0.014429807403114905,TRUE,0.07514011019846108,39_covariate
Fold4,ridge,1se,0.27232203752167405,veg_cover_buffer_pct,-1.6293601010059785e-4,-0.016177968649083288,TRUE,0.07514011019846108,39_covariate
Fold5,ridge,min,0.0574888949984187,channel_slope,-0.40177172544913137,-0.08398218700744182,TRUE,0.09928618676925582,39_covariate
Fold5,ridge,min,0.0574888949984187,elevation_m,-6.902020516700152e-5,-0.1412071564608558,TRUE,0.09928618676925582,39_covariate
Fold5,ridge,min,0.0574888949984187,base_flow_index,-0.002369402620890833,-0.16799134707836566,TRUE,0.09928618676925582,39_covariate
Fold5,ridge,min,0.0574888949984187,summer_mean_max_air_temp_c,-0.001675861415264305,-0.018745729657038208,TRUE,0.09928618676925582,39_covariate
Fold5,ridge,min,0.0574888949984187,summer_max_air_temp_c,-0.00827014035245487,-0.09471563313696094,TRUE,0.09928618676925582,39_covariate
Fold5,ridge,min,0.0574888949984187,annual_precip_mm,-2.9113149523858282e-5,-0.055744300769808804,TRUE,0.09928618676925582,39_covariate
Fold5,ridge,min,0.0574888949984187,summer_precip_mm,4.2580113094721624e-4,0.06956931992893703,TRUE,0.09928618676925582,39_covariate
Fold5,ridge,min,0.0574888949984187,summer_mean_air_temp_c,0.0023225299158902185,0.02208186435539031,TRUE,0.09928618676925582,39_covariate
Fold5,ridge,min,0.0574888949984187,wet_season_precip_mm,-3.6856412273525365e-5,-0.06192251721923633,TRUE,0.09928618676925582,39_covariate
Fold5,ridge,min,0.0574888949984187,developed_upstream_pct,-0.13268459220518336,-0.08416951844848672,TRUE,0.09928618676925582,39_covariate
Fold5,ridge,min,0.0574888949984187,lakes_upstream_pct,-1.8023000121231083,-0.03550009298175174,TRUE,0.09928618676925582,39_covariate
Fold5,ridge,min,0.0574888949984187,agricultural_upstream_pct,0.025504360379740812,0.02890709114366482,TRUE,0.09928618676925582,39_covariate
Fold5,ridge,min,0.0574888949984187,burned_upstream_pct,-0.05885785293896381,-0.05651730692078167,TRUE,0.09928618676925582,39_covariate
Fold5,ridge,min,0.0574888949984187,road_density_upstream,-0.020801878543092355,-0.12412602273877275,TRUE,0.09928618676925582,39_covariate
Fold5,ridge,min,0.0574888949984187,high_cascades_upstream_pct,-0.13668783292363343,-0.22040062208435476,TRUE,0.09928618676925582,39_covariate
Fold5,ridge,min,0.0574888949984187,wetlands_upstream_pct,0.4762115483696238,0.015214417992328779,TRUE,0.09928618676925582,39_covariate
Fold5,ridge,min,0.0574888949984187,veg_cover_upstream_pct,-6.352524770445739e-4,-0.07270131434965356,TRUE,0.09928618676925582,39_covariate
Fold5,ridge,min,0.0574888949984187,veg_height_upstream_m,-0.0016843905785672202,-0.07158123460764393,TRUE,0.09928618676925582,39_covariate
Fold5,ridge,min,0.0574888949984187,forest_upstream_pct,-0.029247663033116197,-0.057174700604739934,TRUE,0.09928618676925582,39_covariate
Fold5,ridge,min,0.0574888949984187,shrub_upstream_pct,0.06701488312801586,0.10343470765842919,TRUE,0.09928618676925582,39_covariate
Fold5,ridge,min,0.0574888949984187,upstream_area_km2,-3.46711475792392e-5,-0.14374904657653173,TRUE,0.09928618676925582,39_covariate
Fold5,ridge,min,0.0574888949984187,burned_reach_pct,-0.017683066381753786,-0.018293487916252373,TRUE,0.09928618676925582,39_covariate
Fold5,ridge,min,0.0574888949984187,agricultural_reach_pct,0.033813291087391645,0.04347932767629596,TRUE,0.09928618676925582,39_covariate
Fold5,ridge,min,0.0574888949984187,wetlands_reach_pct,-0.09471063826497698,-0.05368653844739728,TRUE,0.09928618676925582,39_covariate
Fold5,ridge,min,0.0574888949984187,lakes_reach_pct,-0.6067333545375969,-0.03280491344378976,TRUE,0.09928618676925582,39_covariate
Fold5,ridge,min,0.0574888949984187,high_cascades_reach_pct,0.020990058518295055,0.02788830039997305,TRUE,0.09928618676925582,39_covariate
Fold5,ridge,min,0.0574888949984187,developed_reach_pct,-0.0437950526115798,-0.03823910797164398,TRUE,0.09928618676925582,39_covariate
Fold5,ridge,min,0.0574888949984187,road_density_reach,-9.83368715910511e-4,-0.01056919923448914,TRUE,0.09928618676925582,39_covariate
Fold5,ridge,min,0.0574888949984187,veg_cover_reach_pct,-6.54493146146109e-4,-0.0820776030483558,TRUE,0.09928618676925582,39_covariate
Fold5,ridge,min,0.0574888949984187,veg_height_reach_m,-0.0011997364799848332,-0.06031772236069614,TRUE,0.09928618676925582,39_covariate
Fold5,ridge,min,0.0574888949984187,developed_buffer_pct,0.013858613617319224,0.006264176734824998,TRUE,0.09928618676925582,39_covariate
Fold5,ridge,min,0.0574888949984187,agricultural_buffer_pct,-0.04520682409835676,-0.03472067602990956,TRUE,0.09928618676925582,39_covariate
Fold5,ridge,min,0.0574888949984187,burned_buffer_pct,-0.08059377933394664,-0.05214804571518433,TRUE,0.09928618676925582,39_covariate
Fold5,ridge,min,0.0574888949984187,wetlands_buffer_pct,-0.06638170898135574,-0.04876523880017531,TRUE,0.09928618676925582,39_covariate
Fold5,ridge,min,0.0574888949984187,lakes_buffer_pct,-0.024465111879903956,-0.012322379466428215,TRUE,0.09928618676925582,39_covariate
Fold5,ridge,min,0.0574888949984187,high_cascades_buffer_pct,-0.017986342118247543,-0.015382612274084039,TRUE,0.09928618676925582,39_covariate
Fold5,ridge,min,0.0574888949984187,road_density_buffer,0.001378911490635912,0.02076246198107552,TRUE,0.09928618676925582,39_covariate
Fold5,ridge,min,0.0574888949984187,veg_height_buffer_m,2.647428552165295e-5,0.0012029639262829985,TRUE,0.09928618676925582,39_covariate
Fold5,ridge,min,0.0574888949984187,veg_cover_buffer_pct,-2.0782187864703687e-4,-0.02226131080249969,TRUE,0.09928618676925582,39_covariate
Fold5,ridge,1se,0.21146598846696363,channel_slope,-0.20789312553003567,-0.043455818913856276,TRUE,0.10221276812684771,39_covariate
Fold5,ridge,1se,0.21146598846696363,elevation_m,-4.871662639888739e-5,-0.09966844157457903,TRUE,0.10221276812684771,39_covariate
Fold5,ridge,1se,0.21146598846696363,base_flow_index,-0.0016253863403231622,-0.11524037258429426,TRUE,0.10221276812684771,39_covariate
Fold5,ridge,1se,0.21146598846696363,summer_mean_max_air_temp_c,-0.001156088626790717,-0.012931692716355908,TRUE,0.10221276812684771,39_covariate
Fold5,ridge,1se,0.21146598846696363,summer_max_air_temp_c,-0.00593916256847324,-0.06801958842322463,TRUE,0.10221276812684771,39_covariate
Fold5,ridge,1se,0.21146598846696363,annual_precip_mm,-2.314376651582689e-5,-0.044314445626956904,TRUE,0.10221276812684771,39_covariate
Fold5,ridge,1se,0.21146598846696363,summer_precip_mm,4.1866693862822174e-4,0.06840370323184042,TRUE,0.10221276812684771,39_covariate
Fold5,ridge,1se,0.21146598846696363,summer_mean_air_temp_c,0.002194560869420559,0.020865175990474872,TRUE,0.10221276812684771,39_covariate
Fold5,ridge,1se,0.21146598846696363,wet_season_precip_mm,-2.955323391989291e-5,-0.049652435584545976,TRUE,0.10221276812684771,39_covariate
Fold5,ridge,1se,0.21146598846696363,developed_upstream_pct,-0.051899170675116485,-0.03292264859845368,TRUE,0.10221276812684771,39_covariate
Fold5,ridge,1se,0.21146598846696363,lakes_upstream_pct,-1.8391933439335852,-0.03622678482044052,TRUE,0.10221276812684771,39_covariate
Fold5,ridge,1se,0.21146598846696363,agricultural_upstream_pct,0.025921888332417105,0.029380324677199296,TRUE,0.10221276812684771,39_covariate
Fold5,ridge,1se,0.21146598846696363,burned_upstream_pct,-0.018726673600790816,-0.017981987222652276,TRUE,0.10221276812684771,39_covariate
Fold5,ridge,1se,0.21146598846696363,road_density_upstream,-0.010343384020585421,-0.06171957582943304,TRUE,0.10221276812684771,39_covariate
Fold5,ridge,1se,0.21146598846696363,high_cascades_upstream_pct,-0.0850563240073308,-0.13714802790016922,TRUE,0.10221276812684771,39_covariate
Fold5,ridge,1se,0.21146598846696363,wetlands_upstream_pct,0.49148538207934683,0.01570239962822283,TRUE,0.10221276812684771,39_covariate
Fold5,ridge,1se,0.21146598846696363,veg_cover_upstream_pct,-4.149693813427273e-4,-0.04749106934432626,TRUE,0.10221276812684771,39_covariate
Fold5,ridge,1se,0.21146598846696363,veg_height_upstream_m,-0.001425797691735205,-0.06059186056594408,TRUE,0.10221276812684771,39_covariate
Fold5,ridge,1se,0.21146598846696363,forest_upstream_pct,-0.0250623554739437,-0.04899306549893686,TRUE,0.10221276812684771,39_covariate
Fold5,ridge,1se,0.21146598846696363,shrub_upstream_pct,0.03267836750951281,0.050437712226466785,TRUE,0.10221276812684771,39_covariate
Fold5,ridge,1se,0.21146598846696363,upstream_area_km2,-1.6539480229585958e-5,-0.06857386270358198,TRUE,0.10221276812684771,39_covariate
Fold5,ridge,1se,0.21146598846696363,burned_reach_pct,-0.012716007410281869,-0.013154965483983894,TRUE,0.10221276812684771,39_covariate
Fold5,ridge,1se,0.21146598846696363,agricultural_reach_pct,0.03569398394138427,0.04589764480034853,TRUE,0.10221276812684771,39_covariate
Fold5,ridge,1se,0.21146598846696363,wetlands_reach_pct,-0.07000942105368782,-0.03968470220381477,TRUE,0.10221276812684771,39_covariate
Fold5,ridge,1se,0.21146598846696363,lakes_reach_pct,-0.38698776412263913,-0.020923689147638973,TRUE,0.10221276812684771,39_covariate
Fold5,ridge,1se,0.21146598846696363,high_cascades_reach_pct,-0.018882767856328152,-0.025088462802580556,TRUE,0.10221276812684771,39_covariate
Fold5,ridge,1se,0.21146598846696363,developed_reach_pct,-0.021132910438012045,-0.018451939107399423,TRUE,0.10221276812684771,39_covariate
Fold5,ridge,1se,0.21146598846696363,road_density_reach,-0.00224862169771216,-0.02416807687857929,TRUE,0.10221276812684771,39_covariate
Fold5,ridge,1se,0.21146598846696363,veg_cover_reach_pct,-4.7221184647975965e-4,-0.05921836877638518,TRUE,0.10221276812684771,39_covariate
Fold5,ridge,1se,0.21146598846696363,veg_height_reach_m,-0.0010360380634298575,-0.052087652003267794,TRUE,0.10221276812684771,39_covariate
Fold5,ridge,1se,0.21146598846696363,developed_buffer_pct,0.010682731542805598,0.004828658929576864,TRUE,0.10221276812684771,39_covariate
Fold5,ridge,1se,0.21146598846696363,agricultural_buffer_pct,0.0027794833236082337,0.0021347560226652965,TRUE,0.10221276812684771,39_covariate
Fold5,ridge,1se,0.21146598846696363,burned_buffer_pct,-0.03892501734113554,-0.02518635557911958,TRUE,0.10221276812684771,39_covariate
Fold5,ridge,1se,0.21146598846696363,wetlands_buffer_pct,-0.05550587052437115,-0.040775645467229574,TRUE,0.10221276812684771,39_covariate
Fold5,ridge,1se,0.21146598846696363,lakes_buffer_pct,-0.03365282657867609,-0.01694996946083763,TRUE,0.10221276812684771,39_covariate
Fold5,ridge,1se,0.21146598846696363,high_cascades_buffer_pct,-0.03383567763505943,-0.02893757422544389,TRUE,0.10221276812684771,39_covariate
Fold5,ridge,1se,0.21146598846696363,road_density_buffer,-1.3584730235620925e-4,-0.002045471714142962,TRUE,0.10221276812684771,39_covariate
Fold5,ridge,1se,0.21146598846696363,veg_height_buffer_m,-7.41823891609681e-5,-0.003370770404857363,TRUE,0.10221276812684771,39_covariate
Fold5,ridge,1se,0.21146598846696363,veg_cover_buffer_pct,-1.0898906563520625e-4,-0.011674610392200677,TRUE,0.10221276812684771,39_covariate
Fold1,lasso,min,0.004292827245026938,channel_slope,-0.28843366765252504,-0.06033206147667662,TRUE,0.06768729232318743,39_covariate
Fold1,lasso,min,0.004292827245026938,elevation_m,-1.9972499640098716e-4,-0.3987665723726045,TRUE,0.06768729232318743,39_covariate
Fold1,lasso,min,0.004292827245026938,base_flow_index,-0.004414809964293365,-0.30635885979876343,TRUE,0.06768729232318743,39_covariate
Fold1,lasso,min,0.004292827245026938,summer_mean_max_air_temp_c,0,0,FALSE,0.06768729232318743,39_covariate
Fold1,lasso,min,0.004292827245026938,summer_max_air_temp_c,0,0,FALSE,0.06768729232318743,39_covariate
Fold1,lasso,min,0.004292827245026938,annual_precip_mm,0,0,FALSE,0.06768729232318743,39_covariate
Fold1,lasso,min,0.004292827245026938,summer_precip_mm,0,0,FALSE,0.06768729232318743,39_covariate
Fold1,lasso,min,0.004292827245026938,summer_mean_air_temp_c,0,0,FALSE,0.06768729232318743,39_covariate
Fold1,lasso,min,0.004292827245026938,wet_season_precip_mm,-9.34568115231397e-6,-0.01803080910140177,TRUE,0.06768729232318743,39_covariate
Fold1,lasso,min,0.004292827245026938,developed_upstream_pct,-0.21143857145720796,-0.12264079952645969,TRUE,0.06768729232318743,39_covariate
Fold1,lasso,min,0.004292827245026938,lakes_upstream_pct,0,0,FALSE,0.06768729232318743,39_covariate
Fold1,lasso,min,0.004292827245026938,agricultural_upstream_pct,0,0,FALSE,0.06768729232318743,39_covariate
Fold1,lasso,min,0.004292827245026938,burned_upstream_pct,0,0,FALSE,0.06768729232318743,39_covariate
Fold1,lasso,min,0.004292827245026938,road_density_upstream,-0.006490766619112809,-0.039131545965617395,TRUE,0.06768729232318743,39_covariate
Fold1,lasso,min,0.004292827245026938,high_cascades_upstream_pct,-0.1770774438450215,-0.27786508585858066,TRUE,0.06768729232318743,39_covariate
Fold1,lasso,min,0.004292827245026938,wetlands_upstream_pct,0,0,FALSE,0.06768729232318743,39_covariate
Fold1,lasso,min,0.004292827245026938,veg_cover_upstream_pct,0,0,FALSE,0.06768729232318743,39_covariate
Fold1,lasso,min,0.004292827245026938,veg_height_upstream_m,0,0,FALSE,0.06768729232318743,39_covariate
Fold1,lasso,min,0.004292827245026938,forest_upstream_pct,0,0,FALSE,0.06768729232318743,39_covariate
Fold1,lasso,min,0.004292827245026938,shrub_upstream_pct,0.09708953227304636,0.15854639949408664,TRUE,0.06768729232318743,39_covariate
Fold1,lasso,min,0.004292827245026938,upstream_area_km2,-6.32581347074647e-5,-0.24443441822530876,TRUE,0.06768729232318743,39_covariate
Fold1,lasso,min,0.004292827245026938,burned_reach_pct,0,0,FALSE,0.06768729232318743,39_covariate
Fold1,lasso,min,0.004292827245026938,agricultural_reach_pct,0,0,FALSE,0.06768729232318743,39_covariate
Fold1,lasso,min,0.004292827245026938,wetlands_reach_pct,0,0,FALSE,0.06768729232318743,39_covariate
Fold1,lasso,min,0.004292827245026938,lakes_reach_pct,0,0,FALSE,0.06768729232318743,39_covariate
Fold1,lasso,min,0.004292827245026938,high_cascades_reach_pct,0.05646689181176063,0.061400211040782,TRUE,0.06768729232318743,39_covariate
Fold1,lasso,min,0.004292827245026938,developed_reach_pct,0,0,FALSE,0.06768729232318743,39_covariate
Fold1,lasso,min,0.004292827245026938,road_density_reach,0,0,FALSE,0.06768729232318743,39_covariate
Fold1,lasso,min,0.004292827245026938,veg_cover_reach_pct,0,0,FALSE,0.06768729232318743,39_covariate
Fold1,lasso,min,0.004292827245026938,veg_height_reach_m,0,0,FALSE,0.06768729232318743,39_covariate
Fold1,lasso,min,0.004292827245026938,developed_buffer_pct,0,0,FALSE,0.06768729232318743,39_covariate
Fold1,lasso,min,0.004292827245026938,agricultural_buffer_pct,0,0,FALSE,0.06768729232318743,39_covariate
Fold1,lasso,min,0.004292827245026938,burned_buffer_pct,-0.11763424118277631,-0.08420402657764671,TRUE,0.06768729232318743,39_covariate
Fold1,lasso,min,0.004292827245026938,wetlands_buffer_pct,0.006097734327783967,0.005665849099293192,TRUE,0.06768729232318743,39_covariate
Fold1,lasso,min,0.004292827245026938,lakes_buffer_pct,-0.26467105331338564,-0.06125029464713705,TRUE,0.06768729232318743,39_covariate
Fold1,lasso,min,0.004292827245026938,high_cascades_buffer_pct,0,0,FALSE,0.06768729232318743,39_covariate
Fold1,lasso,min,0.004292827245026938,road_density_buffer,0.0016321904255038786,0.021835114278153902,TRUE,0.06768729232318743,39_covariate
Fold1,lasso,min,0.004292827245026938,veg_height_buffer_m,0,0,FALSE,0.06768729232318743,39_covariate
Fold1,lasso,min,0.004292827245026938,veg_cover_buffer_pct,0,0,FALSE,0.06768729232318743,39_covariate
Fold1,lasso,1se,0.03028504756773199,channel_slope,0,0,FALSE,0.0852080765816999,39_covariate
Fold1,lasso,1se,0.03028504756773199,elevation_m,-8.732717964100881e-5,-0.17435554251055008,TRUE,0.0852080765816999,39_covariate
Fold1,lasso,1se,0.03028504756773199,base_flow_index,-0.002789423628389864,-0.19356770714954885,TRUE,0.0852080765816999,39_covariate
Fold1,lasso,1se,0.03028504756773199,summer_mean_max_air_temp_c,0,0,FALSE,0.0852080765816999,39_covariate
Fold1,lasso,1se,0.03028504756773199,summer_max_air_temp_c,0,0,FALSE,0.0852080765816999,39_covariate
Fold1,lasso,1se,0.03028504756773199,annual_precip_mm,0,0,FALSE,0.0852080765816999,39_covariate
Fold1,lasso,1se,0.03028504756773199,summer_precip_mm,0,0,FALSE,0.0852080765816999,39_covariate
Fold1,lasso,1se,0.03028504756773199,summer_mean_air_temp_c,0,0,FALSE,0.0852080765816999,39_covariate
Fold1,lasso,1se,0.03028504756773199,wet_season_precip_mm,0,0,FALSE,0.0852080765816999,39_covariate
Fold1,lasso,1se,0.03028504756773199,developed_upstream_pct,0,0,FALSE,0.0852080765816999,39_covariate
Fold1,lasso,1se,0.03028504756773199,lakes_upstream_pct,0,0,FALSE,0.0852080765816999,39_covariate
Fold1,lasso,1se,0.03028504756773199,agricultural_upstream_pct,0,0,FALSE,0.0852080765816999,39_covariate
Fold1,lasso,1se,0.03028504756773199,burned_upstream_pct,0,0,FALSE,0.0852080765816999,39_covariate
Fold1,lasso,1se,0.03028504756773199,road_density_upstream,0,0,FALSE,0.0852080765816999,39_covariate
Fold1,lasso,1se,0.03028504756773199,high_cascades_upstream_pct,-0.16673024947425993,-0.2616285512113819,TRUE,0.0852080765816999,39_covariate
Fold1,lasso,1se,0.03028504756773199,wetlands_upstream_pct,0,0,FALSE,0.0852080765816999,39_covariate
Fold1,lasso,1se,0.03028504756773199,veg_cover_upstream_pct,0,0,FALSE,0.0852080765816999,39_covariate
Fold1,lasso,1se,0.03028504756773199,veg_height_upstream_m,0,0,FALSE,0.0852080765816999,39_covariate
Fold1,lasso,1se,0.03028504756773199,forest_upstream_pct,0,0,FALSE,0.0852080765816999,39_covariate
Fold1,lasso,1se,0.03028504756773199,shrub_upstream_pct,0,0,FALSE,0.0852080765816999,39_covariate
Fold1,lasso,1se,0.03028504756773199,upstream_area_km2,0,0,FALSE,0.0852080765816999,39_covariate
Fold1,lasso,1se,0.03028504756773199,burned_reach_pct,0,0,FALSE,0.0852080765816999,39_covariate
Fold1,lasso,1se,0.03028504756773199,agricultural_reach_pct,0,0,FALSE,0.0852080765816999,39_covariate
Fold1,lasso,1se,0.03028504756773199,wetlands_reach_pct,0,0,FALSE,0.0852080765816999,39_covariate
Fold1,lasso,1se,0.03028504756773199,lakes_reach_pct,0,0,FALSE,0.0852080765816999,39_covariate
Fold1,lasso,1se,0.03028504756773199,high_cascades_reach_pct,0,0,FALSE,0.0852080765816999,39_covariate
Fold1,lasso,1se,0.03028504756773199,developed_reach_pct,0,0,FALSE,0.0852080765816999,39_covariate
Fold1,lasso,1se,0.03028504756773199,road_density_reach,0,0,FALSE,0.0852080765816999,39_covariate
Fold1,lasso,1se,0.03028504756773199,veg_cover_reach_pct,0,0,FALSE,0.0852080765816999,39_covariate
Fold1,lasso,1se,0.03028504756773199,veg_height_reach_m,0,0,FALSE,0.0852080765816999,39_covariate
Fold1,lasso,1se,0.03028504756773199,developed_buffer_pct,0,0,FALSE,0.0852080765816999,39_covariate
Fold1,lasso,1se,0.03028504756773199,agricultural_buffer_pct,0,0,FALSE,0.0852080765816999,39_covariate
Fold1,lasso,1se,0.03028504756773199,burned_buffer_pct,0,0,FALSE,0.0852080765816999,39_covariate
Fold1,lasso,1se,0.03028504756773199,wetlands_buffer_pct,0,0,FALSE,0.0852080765816999,39_covariate
Fold1,lasso,1se,0.03028504756773199,lakes_buffer_pct,0,0,FALSE,0.0852080765816999,39_covariate
Fold1,lasso,1se,0.03028504756773199,high_cascades_buffer_pct,0,0,FALSE,0.0852080765816999,39_covariate
Fold1,lasso,1se,0.03028504756773199,road_density_buffer,0,0,FALSE,0.0852080765816999,39_covariate
Fold1,lasso,1se,0.03028504756773199,veg_height_buffer_m,0,0,FALSE,0.0852080765816999,39_covariate
Fold1,lasso,1se,0.03028504756773199,veg_cover_buffer_pct,0,0,FALSE,0.0852080765816999,39_covariate
Fold2,lasso,min,0.01208683331664005,channel_slope,-0.7739932716008723,-0.10651768262956382,TRUE,0.07472897875598529,39_covariate
Fold2,lasso,min,0.01208683331664005,elevation_m,-9.00408250532275e-5,-0.17492887476593794,TRUE,0.07472897875598529,39_covariate
Fold2,lasso,min,0.01208683331664005,base_flow_index,-0.004785528771305927,-0.32327631517300603,TRUE,0.07472897875598529,39_covariate
Fold2,lasso,min,0.01208683331664005,summer_mean_max_air_temp_c,0,0,FALSE,0.07472897875598529,39_covariate
Fold2,lasso,min,0.01208683331664005,summer_max_air_temp_c,0,0,FALSE,0.07472897875598529,39_covariate
Fold2,lasso,min,0.01208683331664005,annual_precip_mm,0,0,FALSE,0.07472897875598529,39_covariate
Fold2,lasso,min,0.01208683331664005,summer_precip_mm,0,0,FALSE,0.07472897875598529,39_covariate
Fold2,lasso,min,0.01208683331664005,summer_mean_air_temp_c,0,0,FALSE,0.07472897875598529,39_covariate
Fold2,lasso,min,0.01208683331664005,wet_season_precip_mm,0,0,FALSE,0.07472897875598529,39_covariate
Fold2,lasso,min,0.01208683331664005,developed_upstream_pct,0,0,FALSE,0.07472897875598529,39_covariate
Fold2,lasso,min,0.01208683331664005,lakes_upstream_pct,0,0,FALSE,0.07472897875598529,39_covariate
Fold2,lasso,min,0.01208683331664005,agricultural_upstream_pct,0,0,FALSE,0.07472897875598529,39_covariate
Fold2,lasso,min,0.01208683331664005,burned_upstream_pct,0,0,FALSE,0.07472897875598529,39_covariate
Fold2,lasso,min,0.01208683331664005,road_density_upstream,0,0,FALSE,0.07472897875598529,39_covariate
Fold2,lasso,min,0.01208683331664005,high_cascades_upstream_pct,-0.18284195487254118,-0.31146035887503126,TRUE,0.07472897875598529,39_covariate
Fold2,lasso,min,0.01208683331664005,wetlands_upstream_pct,0,0,FALSE,0.07472897875598529,39_covariate
Fold2,lasso,min,0.01208683331664005,veg_cover_upstream_pct,0,0,FALSE,0.07472897875598529,39_covariate
Fold2,lasso,min,0.01208683331664005,veg_height_upstream_m,0,0,FALSE,0.07472897875598529,39_covariate
Fold2,lasso,min,0.01208683331664005,forest_upstream_pct,0,0,FALSE,0.07472897875598529,39_covariate
Fold2,lasso,min,0.01208683331664005,shrub_upstream_pct,0.02829411204456988,0.039180006853827415,TRUE,0.07472897875598529,39_covariate
Fold2,lasso,min,0.01208683331664005,upstream_area_km2,-3.988187781252727e-5,-0.15529461189124663,TRUE,0.07472897875598529,39_covariate
Fold2,lasso,min,0.01208683331664005,burned_reach_pct,0,0,FALSE,0.07472897875598529,39_covariate
Fold2,lasso,min,0.01208683331664005,agricultural_reach_pct,0,0,FALSE,0.07472897875598529,39_covariate
Fold2,lasso,min,0.01208683331664005,wetlands_reach_pct,0,0,FALSE,0.07472897875598529,39_covariate
Fold2,lasso,min,0.01208683331664005,lakes_reach_pct,0,0,FALSE,0.07472897875598529,39_covariate
Fold2,lasso,min,0.01208683331664005,high_cascades_reach_pct,0,0,FALSE,0.07472897875598529,39_covariate
Fold2,lasso,min,0.01208683331664005,developed_reach_pct,0,0,FALSE,0.07472897875598529,39_covariate
Fold2,lasso,min,0.01208683331664005,road_density_reach,0,0,FALSE,0.07472897875598529,39_covariate
Fold2,lasso,min,0.01208683331664005,veg_cover_reach_pct,0,0,FALSE,0.07472897875598529,39_covariate
Fold2,lasso,min,0.01208683331664005,veg_height_reach_m,0,0,FALSE,0.07472897875598529,39_covariate
Fold2,lasso,min,0.01208683331664005,developed_buffer_pct,0,0,FALSE,0.07472897875598529,39_covariate
Fold2,lasso,min,0.01208683331664005,agricultural_buffer_pct,0,0,FALSE,0.07472897875598529,39_covariate
Fold2,lasso,min,0.01208683331664005,burned_buffer_pct,0,0,FALSE,0.07472897875598529,39_covariate
Fold2,lasso,min,0.01208683331664005,wetlands_buffer_pct,0,0,FALSE,0.07472897875598529,39_covariate
Fold2,lasso,min,0.01208683331664005,lakes_buffer_pct,0,0,FALSE,0.07472897875598529,39_covariate
Fold2,lasso,min,0.01208683331664005,high_cascades_buffer_pct,0,0,FALSE,0.07472897875598529,39_covariate
Fold2,lasso,min,0.01208683331664005,road_density_buffer,0,0,FALSE,0.07472897875598529,39_covariate
Fold2,lasso,min,0.01208683331664005,veg_height_buffer_m,0,0,FALSE,0.07472897875598529,39_covariate
Fold2,lasso,min,0.01208683331664005,veg_cover_buffer_pct,0,0,FALSE,0.07472897875598529,39_covariate
Fold2,lasso,1se,0.027922152624724823,channel_slope,0,0,FALSE,0.08109111880793182,39_covariate
Fold2,lasso,1se,0.027922152624724823,elevation_m,-6.833134419484742e-5,-0.13275228369112113,TRUE,0.08109111880793182,39_covariate
Fold2,lasso,1se,0.027922152624724823,base_flow_index,-0.0035231577421710254,-0.23799949955195585,TRUE,0.08109111880793182,39_covariate
Fold2,lasso,1se,0.027922152624724823,summer_mean_max_air_temp_c,0,0,FALSE,0.08109111880793182,39_covariate
Fold2,lasso,1se,0.027922152624724823,summer_max_air_temp_c,0,0,FALSE,0.08109111880793182,39_covariate
Fold2,lasso,1se,0.027922152624724823,annual_precip_mm,0,0,FALSE,0.08109111880793182,39_covariate
Fold2,lasso,1se,0.027922152624724823,summer_precip_mm,0,0,FALSE,0.08109111880793182,39_covariate
Fold2,lasso,1se,0.027922152624724823,summer_mean_air_temp_c,0,0,FALSE,0.08109111880793182,39_covariate
Fold2,lasso,1se,0.027922152624724823,wet_season_precip_mm,0,0,FALSE,0.08109111880793182,39_covariate
Fold2,lasso,1se,0.027922152624724823,developed_upstream_pct,0,0,FALSE,0.08109111880793182,39_covariate
Fold2,lasso,1se,0.027922152624724823,lakes_upstream_pct,0,0,FALSE,0.08109111880793182,39_covariate
Fold2,lasso,1se,0.027922152624724823,agricultural_upstream_pct,0,0,FALSE,0.08109111880793182,39_covariate
Fold2,lasso,1se,0.027922152624724823,burned_upstream_pct,0,0,FALSE,0.08109111880793182,39_covariate
Fold2,lasso,1se,0.027922152624724823,road_density_upstream,0,0,FALSE,0.08109111880793182,39_covariate
Fold2,lasso,1se,0.027922152624724823,high_cascades_upstream_pct,-0.18561361700065068,-0.3161817199089531,TRUE,0.08109111880793182,39_covariate
Fold2,lasso,1se,0.027922152624724823,wetlands_upstream_pct,0,0,FALSE,0.08109111880793182,39_covariate
Fold2,lasso,1se,0.027922152624724823,veg_cover_upstream_pct,0,0,FALSE,0.08109111880793182,39_covariate
Fold2,lasso,1se,0.027922152624724823,veg_height_upstream_m,0,0,FALSE,0.08109111880793182,39_covariate
Fold2,lasso,1se,0.027922152624724823,forest_upstream_pct,0,0,FALSE,0.08109111880793182,39_covariate
Fold2,lasso,1se,0.027922152624724823,shrub_upstream_pct,0,0,FALSE,0.08109111880793182,39_covariate
Fold2,lasso,1se,0.027922152624724823,upstream_area_km2,0,0,FALSE,0.08109111880793182,39_covariate
Fold2,lasso,1se,0.027922152624724823,burned_reach_pct,0,0,FALSE,0.08109111880793182,39_covariate
Fold2,lasso,1se,0.027922152624724823,agricultural_reach_pct,0,0,FALSE,0.08109111880793182,39_covariate
Fold2,lasso,1se,0.027922152624724823,wetlands_reach_pct,0,0,FALSE,0.08109111880793182,39_covariate
Fold2,lasso,1se,0.027922152624724823,lakes_reach_pct,0,0,FALSE,0.08109111880793182,39_covariate
Fold2,lasso,1se,0.027922152624724823,high_cascades_reach_pct,0,0,FALSE,0.08109111880793182,39_covariate
Fold2,lasso,1se,0.027922152624724823,developed_reach_pct,0,0,FALSE,0.08109111880793182,39_covariate
Fold2,lasso,1se,0.027922152624724823,road_density_reach,0,0,FALSE,0.08109111880793182,39_covariate
Fold2,lasso,1se,0.027922152624724823,veg_cover_reach_pct,0,0,FALSE,0.08109111880793182,39_covariate
Fold2,lasso,1se,0.027922152624724823,veg_height_reach_m,0,0,FALSE,0.08109111880793182,39_covariate
Fold2,lasso,1se,0.027922152624724823,developed_buffer_pct,0,0,FALSE,0.08109111880793182,39_covariate
Fold2,lasso,1se,0.027922152624724823,agricultural_buffer_pct,0,0,FALSE,0.08109111880793182,39_covariate
Fold2,lasso,1se,0.027922152624724823,burned_buffer_pct,0,0,FALSE,0.08109111880793182,39_covariate
Fold2,lasso,1se,0.027922152624724823,wetlands_buffer_pct,0,0,FALSE,0.08109111880793182,39_covariate
Fold2,lasso,1se,0.027922152624724823,lakes_buffer_pct,0,0,FALSE,0.08109111880793182,39_covariate
Fold2,lasso,1se,0.027922152624724823,high_cascades_buffer_pct,0,0,FALSE,0.08109111880793182,39_covariate
Fold2,lasso,1se,0.027922152624724823,road_density_buffer,0,0,FALSE,0.08109111880793182,39_covariate
Fold2,lasso,1se,0.027922152624724823,veg_height_buffer_m,0,0,FALSE,0.08109111880793182,39_covariate
Fold2,lasso,1se,0.027922152624724823,veg_cover_buffer_pct,0,0,FALSE,0.08109111880793182,39_covariate
Fold3,lasso,min,0.006903484684253301,channel_slope,-0.44522181476769274,-0.0876524013163433,TRUE,0.07395670982434671,39_covariate
Fold3,lasso,min,0.006903484684253301,elevation_m,-9.914548159843531e-5,-0.19405989144409247,TRUE,0.07395670982434671,39_covariate
Fold3,lasso,min,0.006903484684253301,base_flow_index,-0.0049733841894884475,-0.3401782218221204,TRUE,0.07395670982434671,39_covariate
Fold3,lasso,min,0.006903484684253301,summer_mean_max_air_temp_c,0,0,FALSE,0.07395670982434671,39_covariate
Fold3,lasso,min,0.006903484684253301,summer_max_air_temp_c,0,0,FALSE,0.07395670982434671,39_covariate
Fold3,lasso,min,0.006903484684253301,annual_precip_mm,-1.2168174615174542e-6,-0.0022846110654099125,TRUE,0.07395670982434671,39_covariate
Fold3,lasso,min,0.006903484684253301,summer_precip_mm,0,0,FALSE,0.07395670982434671,39_covariate
Fold3,lasso,min,0.006903484684253301,summer_mean_air_temp_c,0,0,FALSE,0.07395670982434671,39_covariate
Fold3,lasso,min,0.006903484684253301,wet_season_precip_mm,-3.7455965231088063e-5,-0.061904892872517735,TRUE,0.07395670982434671,39_covariate
Fold3,lasso,min,0.006903484684253301,developed_upstream_pct,0,0,FALSE,0.07395670982434671,39_covariate
Fold3,lasso,min,0.006903484684253301,lakes_upstream_pct,0,0,FALSE,0.07395670982434671,39_covariate
Fold3,lasso,min,0.006903484684253301,agricultural_upstream_pct,0,0,FALSE,0.07395670982434671,39_covariate
Fold3,lasso,min,0.006903484684253301,burned_upstream_pct,0,0,FALSE,0.07395670982434671,39_covariate
Fold3,lasso,min,0.006903484684253301,road_density_upstream,-0.017486759033765474,-0.09983229681523381,TRUE,0.07395670982434671,39_covariate
Fold3,lasso,min,0.006903484684253301,high_cascades_upstream_pct,-0.1745745390327136,-0.3047954177762842,TRUE,0.07395670982434671,39_covariate
Fold3,lasso,min,0.006903484684253301,wetlands_upstream_pct,0,0,FALSE,0.07395670982434671,39_covariate
Fold3,lasso,min,0.006903484684253301,veg_cover_upstream_pct,-3.690622147966102e-4,-0.04054805355519978,TRUE,0.07395670982434671,39_covariate
Fold3,lasso,min,0.006903484684253301,veg_height_upstream_m,0,0,FALSE,0.07395670982434671,39_covariate
Fold3,lasso,min,0.006903484684253301,forest_upstream_pct,0,0,FALSE,0.07395670982434671,39_covariate
Fold3,lasso,min,0.006903484684253301,shrub_upstream_pct,0.036287976131594776,0.05142736855087017,TRUE,0.07395670982434671,39_covariate
Fold3,lasso,min,0.006903484684253301,upstream_area_km2,-5.577593592753766e-5,-0.18736322504971495,TRUE,0.07395670982434671,39_covariate
Fold3,lasso,min,0.006903484684253301,burned_reach_pct,0,0,FALSE,0.07395670982434671,39_covariate
Fold3,lasso,min,0.006903484684253301,agricultural_reach_pct,0,0,FALSE,0.07395670982434671,39_covariate
Fold3,lasso,min,0.006903484684253301,wetlands_reach_pct,-0.016213151795240768,-0.009225874677362203,TRUE,0.07395670982434671,39_covariate
Fold3,lasso,min,0.006903484684253301,lakes_reach_pct,0,0,FALSE,0.07395670982434671,39_covariate
Fold3,lasso,min,0.006903484684253301,high_cascades_reach_pct,0,0,FALSE,0.07395670982434671,39_covariate
Fold3,lasso,min,0.006903484684253301,developed_reach_pct,0,0,FALSE,0.07395670982434671,39_covariate
Fold3,lasso,min,0.006903484684253301,road_density_reach,-0.0013868745730588586,-0.014329073352641506,TRUE,0.07395670982434671,39_covariate
Fold3,lasso,min,0.006903484684253301,veg_cover_reach_pct,0,0,FALSE,0.07395670982434671,39_covariate
Fold3,lasso,min,0.006903484684253301,veg_height_reach_m,0,0,FALSE,0.07395670982434671,39_covariate
Fold3,lasso,min,0.006903484684253301,developed_buffer_pct,0,0,FALSE,0.07395670982434671,39_covariate
Fold3,lasso,min,0.006903484684253301,agricultural_buffer_pct,0,0,FALSE,0.07395670982434671,39_covariate
Fold3,lasso,min,0.006903484684253301,burned_buffer_pct,0,0,FALSE,0.07395670982434671,39_covariate
Fold3,lasso,min,0.006903484684253301,wetlands_buffer_pct,0,0,FALSE,0.07395670982434671,39_covariate
Fold3,lasso,min,0.006903484684253301,lakes_buffer_pct,0,0,FALSE,0.07395670982434671,39_covariate
Fold3,lasso,min,0.006903484684253301,high_cascades_buffer_pct,0,0,FALSE,0.07395670982434671,39_covariate
Fold3,lasso,min,0.006903484684253301,road_density_buffer,0,0,FALSE,0.07395670982434671,39_covariate
Fold3,lasso,min,0.006903484684253301,veg_height_buffer_m,0,0,FALSE,0.07395670982434671,39_covariate
Fold3,lasso,min,0.006903484684253301,veg_cover_buffer_pct,0,0,FALSE,0.07395670982434671,39_covariate
Fold3,lasso,1se,0.03684182140709911,channel_slope,0,0,FALSE,0.09793156291330352,39_covariate
Fold3,lasso,1se,0.03684182140709911,elevation_m,0,0,FALSE,0.09793156291330352,39_covariate
Fold3,lasso,1se,0.03684182140709911,base_flow_index,-0.004960089030851246,-0.339268836330928,TRUE,0.09793156291330352,39_covariate
Fold3,lasso,1se,0.03684182140709911,summer_mean_max_air_temp_c,0,0,FALSE,0.09793156291330352,39_covariate
Fold3,lasso,1se,0.03684182140709911,summer_max_air_temp_c,0,0,FALSE,0.09793156291330352,39_covariate
Fold3,lasso,1se,0.03684182140709911,annual_precip_mm,0,0,FALSE,0.09793156291330352,39_covariate
Fold3,lasso,1se,0.03684182140709911,summer_precip_mm,0,0,FALSE,0.09793156291330352,39_covariate
Fold3,lasso,1se,0.03684182140709911,summer_mean_air_temp_c,0,0,FALSE,0.09793156291330352,39_covariate
Fold3,lasso,1se,0.03684182140709911,wet_season_precip_mm,0,0,FALSE,0.09793156291330352,39_covariate
Fold3,lasso,1se,0.03684182140709911,developed_upstream_pct,0,0,FALSE,0.09793156291330352,39_covariate
Fold3,lasso,1se,0.03684182140709911,lakes_upstream_pct,0,0,FALSE,0.09793156291330352,39_covariate
Fold3,lasso,1se,0.03684182140709911,agricultural_upstream_pct,0,0,FALSE,0.09793156291330352,39_covariate
Fold3,lasso,1se,0.03684182140709911,burned_upstream_pct,0,0,FALSE,0.09793156291330352,39_covariate
Fold3,lasso,1se,0.03684182140709911,road_density_upstream,0,0,FALSE,0.09793156291330352,39_covariate
Fold3,lasso,1se,0.03684182140709911,high_cascades_upstream_pct,-0.15722877975380342,-0.27451088730949275,TRUE,0.09793156291330352,39_covariate
Fold3,lasso,1se,0.03684182140709911,wetlands_upstream_pct,0,0,FALSE,0.09793156291330352,39_covariate
Fold3,lasso,1se,0.03684182140709911,veg_cover_upstream_pct,0,0,FALSE,0.09793156291330352,39_covariate
Fold3,lasso,1se,0.03684182140709911,veg_height_upstream_m,0,0,FALSE,0.09793156291330352,39_covariate
Fold3,lasso,1se,0.03684182140709911,forest_upstream_pct,0,0,FALSE,0.09793156291330352,39_covariate
Fold3,lasso,1se,0.03684182140709911,shrub_upstream_pct,0,0,FALSE,0.09793156291330352,39_covariate
Fold3,lasso,1se,0.03684182140709911,upstream_area_km2,0,0,FALSE,0.09793156291330352,39_covariate
Fold3,lasso,1se,0.03684182140709911,burned_reach_pct,0,0,FALSE,0.09793156291330352,39_covariate
Fold3,lasso,1se,0.03684182140709911,agricultural_reach_pct,0,0,FALSE,0.09793156291330352,39_covariate
Fold3,lasso,1se,0.03684182140709911,wetlands_reach_pct,0,0,FALSE,0.09793156291330352,39_covariate
Fold3,lasso,1se,0.03684182140709911,lakes_reach_pct,0,0,FALSE,0.09793156291330352,39_covariate
Fold3,lasso,1se,0.03684182140709911,high_cascades_reach_pct,0,0,FALSE,0.09793156291330352,39_covariate
Fold3,lasso,1se,0.03684182140709911,developed_reach_pct,0,0,FALSE,0.09793156291330352,39_covariate
Fold3,lasso,1se,0.03684182140709911,road_density_reach,0,0,FALSE,0.09793156291330352,39_covariate
Fold3,lasso,1se,0.03684182140709911,veg_cover_reach_pct,0,0,FALSE,0.09793156291330352,39_covariate
Fold3,lasso,1se,0.03684182140709911,veg_height_reach_m,0,0,FALSE,0.09793156291330352,39_covariate
Fold3,lasso,1se,0.03684182140709911,developed_buffer_pct,0,0,FALSE,0.09793156291330352,39_covariate
Fold3,lasso,1se,0.03684182140709911,agricultural_buffer_pct,0,0,FALSE,0.09793156291330352,39_covariate
Fold3,lasso,1se,0.03684182140709911,burned_buffer_pct,0,0,FALSE,0.09793156291330352,39_covariate
Fold3,lasso,1se,0.03684182140709911,wetlands_buffer_pct,0,0,FALSE,0.09793156291330352,39_covariate
Fold3,lasso,1se,0.03684182140709911,lakes_buffer_pct,0,0,FALSE,0.09793156291330352,39_covariate
Fold3,lasso,1se,0.03684182140709911,high_cascades_buffer_pct,0,0,FALSE,0.09793156291330352,39_covariate
Fold3,lasso,1se,0.03684182140709911,road_density_buffer,0,0,FALSE,0.09793156291330352,39_covariate
Fold3,lasso,1se,0.03684182140709911,veg_height_buffer_m,0,0,FALSE,0.09793156291330352,39_covariate
Fold3,lasso,1se,0.03684182140709911,veg_cover_buffer_pct,0,0,FALSE,0.09793156291330352,39_covariate
Fold4,lasso,min,0.010252749900440323,channel_slope,-0.33939856296083803,-0.06452633901642464,TRUE,0.06504312121994836,39_covariate
Fold4,lasso,min,0.010252749900440323,elevation_m,-1.1817303581904395e-4,-0.2346112167133121,TRUE,0.06504312121994836,39_covariate
Fold4,lasso,min,0.010252749900440323,base_flow_index,-0.0057996908847810485,-0.3925726940512149,TRUE,0.06504312121994836,39_covariate
Fold4,lasso,min,0.010252749900440323,summer_mean_max_air_temp_c,0,0,FALSE,0.06504312121994836,39_covariate
Fold4,lasso,min,0.010252749900440323,summer_max_air_temp_c,0,0,FALSE,0.06504312121994836,39_covariate
Fold4,lasso,min,0.010252749900440323,annual_precip_mm,0,0,FALSE,0.06504312121994836,39_covariate
Fold4,lasso,min,0.010252749900440323,summer_precip_mm,0,0,FALSE,0.06504312121994836,39_covariate
Fold4,lasso,min,0.010252749900440323,summer_mean_air_temp_c,0,0,FALSE,0.06504312121994836,39_covariate
Fold4,lasso,min,0.010252749900440323,wet_season_precip_mm,0,0,FALSE,0.06504312121994836,39_covariate
Fold4,lasso,min,0.010252749900440323,developed_upstream_pct,0,0,FALSE,0.06504312121994836,39_covariate
Fold4,lasso,min,0.010252749900440323,lakes_upstream_pct,0,0,FALSE,0.06504312121994836,39_covariate
Fold4,lasso,min,0.010252749900440323,agricultural_upstream_pct,0,0,FALSE,0.06504312121994836,39_covariate
Fold4,lasso,min,0.010252749900440323,burned_upstream_pct,0,0,FALSE,0.06504312121994836,39_covariate
Fold4,lasso,min,0.010252749900440323,road_density_upstream,-0.0050888413906482735,-0.02769860433389531,TRUE,0.06504312121994836,39_covariate
Fold4,lasso,min,0.010252749900440323,high_cascades_upstream_pct,-0.1376658674009459,-0.23373527032359556,TRUE,0.06504312121994836,39_covariate
Fold4,lasso,min,0.010252749900440323,wetlands_upstream_pct,0,0,FALSE,0.06504312121994836,39_covariate
Fold4,lasso,min,0.010252749900440323,veg_cover_upstream_pct,0,0,FALSE,0.06504312121994836,39_covariate
Fold4,lasso,min,0.010252749900440323,veg_height_upstream_m,0,0,FALSE,0.06504312121994836,39_covariate
Fold4,lasso,min,0.010252749900440323,forest_upstream_pct,0,0,FALSE,0.06504312121994836,39_covariate
Fold4,lasso,min,0.010252749900440323,shrub_upstream_pct,0.07113608798935599,0.10414117966429037,TRUE,0.06504312121994836,39_covariate
Fold4,lasso,min,0.010252749900440323,upstream_area_km2,-4.5398701977288155e-5,-0.1755075654077026,TRUE,0.06504312121994836,39_covariate
Fold4,lasso,min,0.010252749900440323,burned_reach_pct,0,0,FALSE,0.06504312121994836,39_covariate
Fold4,lasso,min,0.010252749900440323,agricultural_reach_pct,0,0,FALSE,0.06504312121994836,39_covariate
Fold4,lasso,min,0.010252749900440323,wetlands_reach_pct,0,0,FALSE,0.06504312121994836,39_covariate
Fold4,lasso,min,0.010252749900440323,lakes_reach_pct,0,0,FALSE,0.06504312121994836,39_covariate
Fold4,lasso,min,0.010252749900440323,high_cascades_reach_pct,0,0,FALSE,0.06504312121994836,39_covariate
Fold4,lasso,min,0.010252749900440323,developed_reach_pct,0,0,FALSE,0.06504312121994836,39_covariate
Fold4,lasso,min,0.010252749900440323,road_density_reach,0,0,FALSE,0.06504312121994836,39_covariate
Fold4,lasso,min,0.010252749900440323,veg_cover_reach_pct,0,0,FALSE,0.06504312121994836,39_covariate
Fold4,lasso,min,0.010252749900440323,veg_height_reach_m,0,0,FALSE,0.06504312121994836,39_covariate
Fold4,lasso,min,0.010252749900440323,developed_buffer_pct,0,0,FALSE,0.06504312121994836,39_covariate
Fold4,lasso,min,0.010252749900440323,agricultural_buffer_pct,0,0,FALSE,0.06504312121994836,39_covariate
Fold4,lasso,min,0.010252749900440323,burned_buffer_pct,0,0,FALSE,0.06504312121994836,39_covariate
Fold4,lasso,min,0.010252749900440323,wetlands_buffer_pct,0,0,FALSE,0.06504312121994836,39_covariate
Fold4,lasso,min,0.010252749900440323,lakes_buffer_pct,0,0,FALSE,0.06504312121994836,39_covariate
Fold4,lasso,min,0.010252749900440323,high_cascades_buffer_pct,0,0,FALSE,0.06504312121994836,39_covariate
Fold4,lasso,min,0.010252749900440323,road_density_buffer,0,0,FALSE,0.06504312121994836,39_covariate
Fold4,lasso,min,0.010252749900440323,veg_height_buffer_m,0,0,FALSE,0.06504312121994836,39_covariate
Fold4,lasso,min,0.010252749900440323,veg_cover_buffer_pct,0,0,FALSE,0.06504312121994836,39_covariate
Fold4,lasso,1se,0.04542605370813188,channel_slope,0,0,FALSE,0.08439627570954199,39_covariate
Fold4,lasso,1se,0.04542605370813188,elevation_m,-9.87173599280114e-6,-0.019598548656143078,TRUE,0.08439627570954199,39_covariate
Fold4,lasso,1se,0.04542605370813188,base_flow_index,-0.004697910787082534,-0.31799479157359944,TRUE,0.08439627570954199,39_covariate
Fold4,lasso,1se,0.04542605370813188,summer_mean_max_air_temp_c,0,0,FALSE,0.08439627570954199,39_covariate
Fold4,lasso,1se,0.04542605370813188,summer_max_air_temp_c,0,0,FALSE,0.08439627570954199,39_covariate
Fold4,lasso,1se,0.04542605370813188,annual_precip_mm,0,0,FALSE,0.08439627570954199,39_covariate
Fold4,lasso,1se,0.04542605370813188,summer_precip_mm,0,0,FALSE,0.08439627570954199,39_covariate
Fold4,lasso,1se,0.04542605370813188,summer_mean_air_temp_c,0,0,FALSE,0.08439627570954199,39_covariate
Fold4,lasso,1se,0.04542605370813188,wet_season_precip_mm,0,0,FALSE,0.08439627570954199,39_covariate
Fold4,lasso,1se,0.04542605370813188,developed_upstream_pct,0,0,FALSE,0.08439627570954199,39_covariate
Fold4,lasso,1se,0.04542605370813188,lakes_upstream_pct,0,0,FALSE,0.08439627570954199,39_covariate
Fold4,lasso,1se,0.04542605370813188,agricultural_upstream_pct,0,0,FALSE,0.08439627570954199,39_covariate
Fold4,lasso,1se,0.04542605370813188,burned_upstream_pct,0,0,FALSE,0.08439627570954199,39_covariate
Fold4,lasso,1se,0.04542605370813188,road_density_upstream,0,0,FALSE,0.08439627570954199,39_covariate
Fold4,lasso,1se,0.04542605370813188,high_cascades_upstream_pct,-0.1173643429890123,-0.19926643366865163,TRUE,0.08439627570954199,39_covariate
Fold4,lasso,1se,0.04542605370813188,wetlands_upstream_pct,0,0,FALSE,0.08439627570954199,39_covariate
Fold4,lasso,1se,0.04542605370813188,veg_cover_upstream_pct,0,0,FALSE,0.08439627570954199,39_covariate
Fold4,lasso,1se,0.04542605370813188,veg_height_upstream_m,0,0,FALSE,0.08439627570954199,39_covariate
Fold4,lasso,1se,0.04542605370813188,forest_upstream_pct,0,0,FALSE,0.08439627570954199,39_covariate
Fold4,lasso,1se,0.04542605370813188,shrub_upstream_pct,0,0,FALSE,0.08439627570954199,39_covariate
Fold4,lasso,1se,0.04542605370813188,upstream_area_km2,0,0,FALSE,0.08439627570954199,39_covariate
Fold4,lasso,1se,0.04542605370813188,burned_reach_pct,0,0,FALSE,0.08439627570954199,39_covariate
Fold4,lasso,1se,0.04542605370813188,agricultural_reach_pct,0,0,FALSE,0.08439627570954199,39_covariate
Fold4,lasso,1se,0.04542605370813188,wetlands_reach_pct,0,0,FALSE,0.08439627570954199,39_covariate
Fold4,lasso,1se,0.04542605370813188,lakes_reach_pct,0,0,FALSE,0.08439627570954199,39_covariate
Fold4,lasso,1se,0.04542605370813188,high_cascades_reach_pct,0,0,FALSE,0.08439627570954199,39_covariate
Fold4,lasso,1se,0.04542605370813188,developed_reach_pct,0,0,FALSE,0.08439627570954199,39_covariate
Fold4,lasso,1se,0.04542605370813188,road_density_reach,0,0,FALSE,0.08439627570954199,39_covariate
Fold4,lasso,1se,0.04542605370813188,veg_cover_reach_pct,0,0,FALSE,0.08439627570954199,39_covariate
Fold4,lasso,1se,0.04542605370813188,veg_height_reach_m,0,0,FALSE,0.08439627570954199,39_covariate
Fold4,lasso,1se,0.04542605370813188,developed_buffer_pct,0,0,FALSE,0.08439627570954199,39_covariate
Fold4,lasso,1se,0.04542605370813188,agricultural_buffer_pct,0,0,FALSE,0.08439627570954199,39_covariate
Fold4,lasso,1se,0.04542605370813188,burned_buffer_pct,0,0,FALSE,0.08439627570954199,39_covariate
Fold4,lasso,1se,0.04542605370813188,wetlands_buffer_pct,0,0,FALSE,0.08439627570954199,39_covariate
Fold4,lasso,1se,0.04542605370813188,lakes_buffer_pct,0,0,FALSE,0.08439627570954199,39_covariate
Fold4,lasso,1se,0.04542605370813188,high_cascades_buffer_pct,0,0,FALSE,0.08439627570954199,39_covariate
Fold4,lasso,1se,0.04542605370813188,road_density_buffer,0,0,FALSE,0.08439627570954199,39_covariate
Fold4,lasso,1se,0.04542605370813188,veg_height_buffer_m,0,0,FALSE,0.08439627570954199,39_covariate
Fold4,lasso,1se,0.04542605370813188,veg_cover_buffer_pct,0,0,FALSE,0.08439627570954199,39_covariate
Fold5,lasso,min,0.00500009090864731,channel_slope,-0.5109252961198599,-0.10679851529523164,TRUE,0.08917778170499407,39_covariate
Fold5,lasso,min,0.00500009090864731,elevation_m,-7.360296345451356e-5,-0.15058293656700336,TRUE,0.08917778170499407,39_covariate
Fold5,lasso,min,0.00500009090864731,base_flow_index,-0.007416332267900787,-0.5258201527594267,TRUE,0.08917778170499407,39_covariate
Fold5,lasso,min,0.00500009090864731,summer_mean_max_air_temp_c,0,0,FALSE,0.08917778170499407,39_covariate
Fold5,lasso,min,0.00500009090864731,summer_max_air_temp_c,0,0,FALSE,0.08917778170499407,39_covariate
Fold5,lasso,min,0.00500009090864731,annual_precip_mm,0,0,FALSE,0.08917778170499407,39_covariate
Fold5,lasso,min,0.00500009090864731,summer_precip_mm,0,0,FALSE,0.08917778170499407,39_covariate
Fold5,lasso,min,0.00500009090864731,summer_mean_air_temp_c,0,0,FALSE,0.08917778170499407,39_covariate
Fold5,lasso,min,0.00500009090864731,wet_season_precip_mm,-1.4061989290193666e-5,-0.023625570701145335,TRUE,0.08917778170499407,39_covariate
Fold5,lasso,min,0.00500009090864731,developed_upstream_pct,-0.18143139138092565,-0.11509243530218176,TRUE,0.08917778170499407,39_covariate
Fold5,lasso,min,0.00500009090864731,lakes_upstream_pct,0,0,FALSE,0.08917778170499407,39_covariate
Fold5,lasso,min,0.00500009090864731,agricultural_upstream_pct,0,0,FALSE,0.08917778170499407,39_covariate
Fold5,lasso,min,0.00500009090864731,burned_upstream_pct,0,0,FALSE,0.08917778170499407,39_covariate
Fold5,lasso,min,0.00500009090864731,road_density_upstream,-0.009901706832961241,-0.05908406228575642,TRUE,0.08917778170499407,39_covariate
Fold5,lasso,min,0.00500009090864731,high_cascades_upstream_pct,-0.1429883002058067,-0.23055973338717956,TRUE,0.08917778170499407,39_covariate
Fold5,lasso,min,0.00500009090864731,wetlands_upstream_pct,0.6085784934535824,0.01944339151842195,TRUE,0.08917778170499407,39_covariate
Fold5,lasso,min,0.00500009090864731,veg_cover_upstream_pct,-1.854810258133596e-4,-0.021227330629687693,TRUE,0.08917778170499407,39_covariate
Fold5,lasso,min,0.00500009090864731,veg_height_upstream_m,0,0,FALSE,0.08917778170499407,39_covariate
Fold5,lasso,min,0.00500009090864731,forest_upstream_pct,0,0,FALSE,0.08917778170499407,39_covariate
Fold5,lasso,min,0.00500009090864731,shrub_upstream_pct,0.09777797834670353,0.15091627611143965,TRUE,0.08917778170499407,39_covariate
Fold5,lasso,min,0.00500009090864731,upstream_area_km2,-7.24960060490383e-5,-0.30057360306111935,TRUE,0.08917778170499407,39_covariate
Fold5,lasso,min,0.00500009090864731,burned_reach_pct,0,0,FALSE,0.08917778170499407,39_covariate
Fold5,lasso,min,0.00500009090864731,agricultural_reach_pct,0,0,FALSE,0.08917778170499407,39_covariate
Fold5,lasso,min,0.00500009090864731,wetlands_reach_pct,-0.03677646958819933,-0.02084666923036156,TRUE,0.08917778170499407,39_covariate
Fold5,lasso,min,0.00500009090864731,lakes_reach_pct,0,0,FALSE,0.08917778170499407,39_covariate
Fold5,lasso,min,0.00500009090864731,high_cascades_reach_pct,0,0,FALSE,0.08917778170499407,39_covariate
Fold5,lasso,min,0.00500009090864731,developed_reach_pct,0,0,FALSE,0.08917778170499407,39_covariate
Fold5,lasso,min,0.00500009090864731,road_density_reach,0,0,FALSE,0.08917778170499407,39_covariate
Fold5,lasso,min,0.00500009090864731,veg_cover_reach_pct,-2.9252596680341567e-4,-0.03668461667781515,TRUE,0.08917778170499407,39_covariate
Fold5,lasso,min,0.00500009090864731,veg_height_reach_m,0,0,FALSE,0.08917778170499407,39_covariate
Fold5,lasso,min,0.00500009090864731,developed_buffer_pct,0,0,FALSE,0.08917778170499407,39_covariate
Fold5,lasso,min,0.00500009090864731,agricultural_buffer_pct,0,0,FALSE,0.08917778170499407,39_covariate
Fold5,lasso,min,0.00500009090864731,burned_buffer_pct,-0.013494696714198002,-0.008731716851850533,TRUE,0.08917778170499407,39_covariate
Fold5,lasso,min,0.00500009090864731,wetlands_buffer_pct,-0.04980819043219461,-0.03659002363607076,TRUE,0.08917778170499407,39_covariate
Fold5,lasso,min,0.00500009090864731,lakes_buffer_pct,0,0,FALSE,0.08917778170499407,39_covariate
Fold5,lasso,min,0.00500009090864731,high_cascades_buffer_pct,0,0,FALSE,0.08917778170499407,39_covariate
Fold5,lasso,min,0.00500009090864731,road_density_buffer,0.00227041009292408,0.03418588035265928,TRUE,0.08917778170499407,39_covariate
Fold5,lasso,min,0.00500009090864731,veg_height_buffer_m,0,0,FALSE,0.08917778170499407,39_covariate
Fold5,lasso,min,0.00500009090864731,veg_cover_buffer_pct,0,0,FALSE,0.08917778170499407,39_covariate
Fold5,lasso,1se,0.013913049969746936,channel_slope,-0.10128527934813412,-0.021171622422675822,TRUE,0.08879120447545556,39_covariate
Fold5,lasso,1se,0.013913049969746936,elevation_m,-4.978335991273714e-5,-0.10185085186773528,TRUE,0.08879120447545556,39_covariate
Fold5,lasso,1se,0.013913049969746936,base_flow_index,-0.005894150546063085,-0.41789701817057406,TRUE,0.08879120447545556,39_covariate
Fold5,lasso,1se,0.013913049969746936,summer_mean_max_air_temp_c,0,0,FALSE,0.08879120447545556,39_covariate
Fold5,lasso,1se,0.013913049969746936,summer_max_air_temp_c,0,0,FALSE,0.08879120447545556,39_covariate
Fold5,lasso,1se,0.013913049969746936,annual_precip_mm,0,0,FALSE,0.08879120447545556,39_covariate
Fold5,lasso,1se,0.013913049969746936,summer_precip_mm,0,0,FALSE,0.08879120447545556,39_covariate
Fold5,lasso,1se,0.013913049969746936,summer_mean_air_temp_c,0,0,FALSE,0.08879120447545556,39_covariate
Fold5,lasso,1se,0.013913049969746936,wet_season_precip_mm,0,0,FALSE,0.08879120447545556,39_covariate
Fold5,lasso,1se,0.013913049969746936,developed_upstream_pct,0,0,FALSE,0.08879120447545556,39_covariate
Fold5,lasso,1se,0.013913049969746936,lakes_upstream_pct,0,0,FALSE,0.08879120447545556,39_covariate
Fold5,lasso,1se,0.013913049969746936,agricultural_upstream_pct,0,0,FALSE,0.08879120447545556,39_covariate
Fold5,lasso,1se,0.013913049969746936,burned_upstream_pct,0,0,FALSE,0.08879120447545556,39_covariate
Fold5,lasso,1se,0.013913049969746936,road_density_upstream,-3.113077651827271e-5,-1.857591594902341e-4,TRUE,0.08879120447545556,39_covariate
Fold5,lasso,1se,0.013913049969746936,high_cascades_upstream_pct,-0.18155145989429666,-0.2927404279163702,TRUE,0.08879120447545556,39_covariate
Fold5,lasso,1se,0.013913049969746936,wetlands_upstream_pct,0,0,FALSE,0.08879120447545556,39_covariate
Fold5,lasso,1se,0.013913049969746936,veg_cover_upstream_pct,0,0,FALSE,0.08879120447545556,39_covariate
Fold5,lasso,1se,0.013913049969746936,veg_height_upstream_m,0,0,FALSE,0.08879120447545556,39_covariate
Fold5,lasso,1se,0.013913049969746936,forest_upstream_pct,0,0,FALSE,0.08879120447545556,39_covariate
Fold5,lasso,1se,0.013913049969746936,shrub_upstream_pct,0.05175381560279805,0.07987987947181488,TRUE,0.08879120447545556,39_covariate
Fold5,lasso,1se,0.013913049969746936,upstream_area_km2,-2.9767906614895877e-5,-0.12341986040960494,TRUE,0.08879120447545556,39_covariate
Fold5,lasso,1se,0.013913049969746936,burned_reach_pct,0,0,FALSE,0.08879120447545556,39_covariate
Fold5,lasso,1se,0.013913049969746936,agricultural_reach_pct,0,0,FALSE,0.08879120447545556,39_covariate
Fold5,lasso,1se,0.013913049969746936,wetlands_reach_pct,0,0,FALSE,0.08879120447545556,39_covariate
Fold5,lasso,1se,0.013913049969746936,lakes_reach_pct,0,0,FALSE,0.08879120447545556,39_covariate
Fold5,lasso,1se,0.013913049969746936,high_cascades_reach_pct,0,0,FALSE,0.08879120447545556,39_covariate
Fold5,lasso,1se,0.013913049969746936,developed_reach_pct,0,0,FALSE,0.08879120447545556,39_covariate
Fold5,lasso,1se,0.013913049969746936,road_density_reach,0,0,FALSE,0.08879120447545556,39_covariate
Fold5,lasso,1se,0.013913049969746936,veg_cover_reach_pct,0,0,FALSE,0.08879120447545556,39_covariate
Fold5,lasso,1se,0.013913049969746936,veg_height_reach_m,0,0,FALSE,0.08879120447545556,39_covariate
Fold5,lasso,1se,0.013913049969746936,developed_buffer_pct,0,0,FALSE,0.08879120447545556,39_covariate
Fold5,lasso,1se,0.013913049969746936,agricultural_buffer_pct,0,0,FALSE,0.08879120447545556,39_covariate
Fold5,lasso,1se,0.013913049969746936,burned_buffer_pct,0,0,FALSE,0.08879120447545556,39_covariate
Fold5,lasso,1se,0.013913049969746936,wetlands_buffer_pct,0,0,FALSE,0.08879120447545556,39_covariate
Fold5,lasso,1se,0.013913049969746936,lakes_buffer_pct,0,0,FALSE,0.08879120447545556,39_covariate
Fold5,lasso,1se,0.013913049969746936,high_cascades_buffer_pct,0,0,FALSE,0.08879120447545556,39_covariate
Fold5,lasso,1se,0.013913049969746936,road_density_buffer,0,0,FALSE,0.08879120447545556,39_covariate
Fold5,lasso,1se,0.013913049969746936,veg_height_buffer_m,0,0,FALSE,0.08879120447545556,39_covariate
Fold5,lasso,1se,0.013913049969746936,veg_cover_buffer_pct,0,0,FALSE,0.08879120447545556,39_covariate
Fold1,elastic_net,min,0.013670789914084477,channel_slope,-0.27677485490844084,-0.0578933718016955,TRUE,0.06419007391032142,39_covariate
Fold1,elastic_net,min,0.013670789914084477,elevation_m,-1.4591637501930384e-4,-0.2913334523369441,TRUE,0.06419007391032142,39_covariate
Fold1,elastic_net,min,0.013670789914084477,base_flow_index,-0.00440094329255175,-0.3053966037156423,TRUE,0.06419007391032142,39_covariate
Fold1,elastic_net,min,0.013670789914084477,summer_mean_max_air_temp_c,0,0,FALSE,0.06419007391032142,39_covariate
Fold1,elastic_net,min,0.013670789914084477,summer_max_air_temp_c,0,0,FALSE,0.06419007391032142,39_covariate
Fold1,elastic_net,min,0.013670789914084477,annual_precip_mm,0,0,FALSE,0.06419007391032142,39_covariate
Fold1,elastic_net,min,0.013670789914084477,summer_precip_mm,0,0,FALSE,0.06419007391032142,39_covariate
Fold1,elastic_net,min,0.013670789914084477,summer_mean_air_temp_c,0,0,FALSE,0.06419007391032142,39_covariate
Fold1,elastic_net,min,0.013670789914084477,wet_season_precip_mm,-1.9872667314957817e-5,-0.03834073352726693,TRUE,0.06419007391032142,39_covariate
Fold1,elastic_net,min,0.013670789914084477,developed_upstream_pct,-0.07956879347548133,-0.04615231923832655,TRUE,0.06419007391032142,39_covariate
Fold1,elastic_net,min,0.013670789914084477,lakes_upstream_pct,0,0,FALSE,0.06419007391032142,39_covariate
Fold1,elastic_net,min,0.013670789914084477,agricultural_upstream_pct,0,0,FALSE,0.06419007391032142,39_covariate
Fold1,elastic_net,min,0.013670789914084477,burned_upstream_pct,0,0,FALSE,0.06419007391032142,39_covariate
Fold1,elastic_net,min,0.013670789914084477,road_density_upstream,-0.010409347345459282,-0.06275589279723535,TRUE,0.06419007391032142,39_covariate
Fold1,elastic_net,min,0.013670789914084477,high_cascades_upstream_pct,-0.16372592311741027,-0.2569142443919101,TRUE,0.06419007391032142,39_covariate
Fold1,elastic_net,min,0.013670789914084477,wetlands_upstream_pct,0,0,FALSE,0.06419007391032142,39_covariate
Fold1,elastic_net,min,0.013670789914084477,veg_cover_upstream_pct,0,0,FALSE,0.06419007391032142,39_covariate
Fold1,elastic_net,min,0.013670789914084477,veg_height_upstream_m,0,0,FALSE,0.06419007391032142,39_covariate
Fold1,elastic_net,min,0.013670789914084477,forest_upstream_pct,0,0,FALSE,0.06419007391032142,39_covariate
Fold1,elastic_net,min,0.013670789914084477,shrub_upstream_pct,0.06533386843321692,0.10668966429847125,TRUE,0.06419007391032142,39_covariate
Fold1,elastic_net,min,0.013670789914084477,upstream_area_km2,-4.711907088714162e-5,-0.1820718036166886,TRUE,0.06419007391032142,39_covariate
Fold1,elastic_net,min,0.013670789914084477,burned_reach_pct,0,0,FALSE,0.06419007391032142,39_covariate
Fold1,elastic_net,min,0.013670789914084477,agricultural_reach_pct,0.005577464710394272,0.007037746323742712,TRUE,0.06419007391032142,39_covariate
Fold1,elastic_net,min,0.013670789914084477,wetlands_reach_pct,0,0,FALSE,0.06419007391032142,39_covariate
Fold1,elastic_net,min,0.013670789914084477,lakes_reach_pct,0,0,FALSE,0.06419007391032142,39_covariate
Fold1,elastic_net,min,0.013670789914084477,high_cascades_reach_pct,0,0,FALSE,0.06419007391032142,39_covariate
Fold1,elastic_net,min,0.013670789914084477,developed_reach_pct,0,0,FALSE,0.06419007391032142,39_covariate
Fold1,elastic_net,min,0.013670789914084477,road_density_reach,0,0,FALSE,0.06419007391032142,39_covariate
Fold1,elastic_net,min,0.013670789914084477,veg_cover_reach_pct,0,0,FALSE,0.06419007391032142,39_covariate
Fold1,elastic_net,min,0.013670789914084477,veg_height_reach_m,0,0,FALSE,0.06419007391032142,39_covariate
Fold1,elastic_net,min,0.013670789914084477,developed_buffer_pct,0,0,FALSE,0.06419007391032142,39_covariate
Fold1,elastic_net,min,0.013670789914084477,agricultural_buffer_pct,0,0,FALSE,0.06419007391032142,39_covariate
Fold1,elastic_net,min,0.013670789914084477,burned_buffer_pct,-0.034987622099743196,-0.02504456722424793,TRUE,0.06419007391032142,39_covariate
Fold1,elastic_net,min,0.013670789914084477,wetlands_buffer_pct,0,0,FALSE,0.06419007391032142,39_covariate
Fold1,elastic_net,min,0.013670789914084477,lakes_buffer_pct,-0.1759656168285748,-0.040722042488544156,TRUE,0.06419007391032142,39_covariate
Fold1,elastic_net,min,0.013670789914084477,high_cascades_buffer_pct,0,0,FALSE,0.06419007391032142,39_covariate
Fold1,elastic_net,min,0.013670789914084477,road_density_buffer,9.325615919876141e-4,0.012475620867694092,TRUE,0.06419007391032142,39_covariate
Fold1,elastic_net,min,0.013670789914084477,veg_height_buffer_m,0,0,FALSE,0.06419007391032142,39_covariate
Fold1,elastic_net,min,0.013670789914084477,veg_cover_buffer_pct,0,0,FALSE,0.06419007391032142,39_covariate
Fold1,elastic_net,1se,0.06057009513546398,channel_slope,0,0,FALSE,0.09052283394502252,39_covariate
Fold1,elastic_net,1se,0.06057009513546398,elevation_m,-8.352968990094103e-5,-0.16677355730812357,TRUE,0.09052283394502252,39_covariate
Fold1,elastic_net,1se,0.06057009513546398,base_flow_index,-0.00265455722895641,-0.18420886346436866,TRUE,0.09052283394502252,39_covariate
Fold1,elastic_net,1se,0.06057009513546398,summer_mean_max_air_temp_c,0,0,FALSE,0.09052283394502252,39_covariate
Fold1,elastic_net,1se,0.06057009513546398,summer_max_air_temp_c,0,0,FALSE,0.09052283394502252,39_covariate
Fold1,elastic_net,1se,0.06057009513546398,annual_precip_mm,0,0,FALSE,0.09052283394502252,39_covariate
Fold1,elastic_net,1se,0.06057009513546398,summer_precip_mm,0,0,FALSE,0.09052283394502252,39_covariate
Fold1,elastic_net,1se,0.06057009513546398,summer_mean_air_temp_c,0,0,FALSE,0.09052283394502252,39_covariate
Fold1,elastic_net,1se,0.06057009513546398,wet_season_precip_mm,0,0,FALSE,0.09052283394502252,39_covariate
Fold1,elastic_net,1se,0.06057009513546398,developed_upstream_pct,0,0,FALSE,0.09052283394502252,39_covariate
Fold1,elastic_net,1se,0.06057009513546398,lakes_upstream_pct,0,0,FALSE,0.09052283394502252,39_covariate
Fold1,elastic_net,1se,0.06057009513546398,agricultural_upstream_pct,0,0,FALSE,0.09052283394502252,39_covariate
Fold1,elastic_net,1se,0.06057009513546398,burned_upstream_pct,0,0,FALSE,0.09052283394502252,39_covariate
Fold1,elastic_net,1se,0.06057009513546398,road_density_upstream,0,0,FALSE,0.09052283394502252,39_covariate
Fold1,elastic_net,1se,0.06057009513546398,high_cascades_upstream_pct,-0.14135878503463087,-0.22181634254269628,TRUE,0.09052283394502252,39_covariate
Fold1,elastic_net,1se,0.06057009513546398,wetlands_upstream_pct,0,0,FALSE,0.09052283394502252,39_covariate
Fold1,elastic_net,1se,0.06057009513546398,veg_cover_upstream_pct,0,0,FALSE,0.09052283394502252,39_covariate
Fold1,elastic_net,1se,0.06057009513546398,veg_height_upstream_m,-6.238437755934851e-5,-0.002421653975159026,TRUE,0.09052283394502252,39_covariate
Fold1,elastic_net,1se,0.06057009513546398,forest_upstream_pct,0,0,FALSE,0.09052283394502252,39_covariate
Fold1,elastic_net,1se,0.06057009513546398,shrub_upstream_pct,0,0,FALSE,0.09052283394502252,39_covariate
Fold1,elastic_net,1se,0.06057009513546398,upstream_area_km2,0,0,FALSE,0.09052283394502252,39_covariate
Fold1,elastic_net,1se,0.06057009513546398,burned_reach_pct,0,0,FALSE,0.09052283394502252,39_covariate
Fold1,elastic_net,1se,0.06057009513546398,agricultural_reach_pct,0,0,FALSE,0.09052283394502252,39_covariate
Fold1,elastic_net,1se,0.06057009513546398,wetlands_reach_pct,0,0,FALSE,0.09052283394502252,39_covariate
Fold1,elastic_net,1se,0.06057009513546398,lakes_reach_pct,0,0,FALSE,0.09052283394502252,39_covariate
Fold1,elastic_net,1se,0.06057009513546398,high_cascades_reach_pct,0,0,FALSE,0.09052283394502252,39_covariate
Fold1,elastic_net,1se,0.06057009513546398,developed_reach_pct,0,0,FALSE,0.09052283394502252,39_covariate
Fold1,elastic_net,1se,0.06057009513546398,road_density_reach,0,0,FALSE,0.09052283394502252,39_covariate
Fold1,elastic_net,1se,0.06057009513546398,veg_cover_reach_pct,0,0,FALSE,0.09052283394502252,39_covariate
Fold1,elastic_net,1se,0.06057009513546398,veg_height_reach_m,0,0,FALSE,0.09052283394502252,39_covariate
Fold1,elastic_net,1se,0.06057009513546398,developed_buffer_pct,0,0,FALSE,0.09052283394502252,39_covariate
Fold1,elastic_net,1se,0.06057009513546398,agricultural_buffer_pct,0,0,FALSE,0.09052283394502252,39_covariate
Fold1,elastic_net,1se,0.06057009513546398,burned_buffer_pct,0,0,FALSE,0.09052283394502252,39_covariate
Fold1,elastic_net,1se,0.06057009513546398,wetlands_buffer_pct,0,0,FALSE,0.09052283394502252,39_covariate
Fold1,elastic_net,1se,0.06057009513546398,lakes_buffer_pct,0,0,FALSE,0.09052283394502252,39_covariate
Fold1,elastic_net,1se,0.06057009513546398,high_cascades_buffer_pct,0,0,FALSE,0.09052283394502252,39_covariate
Fold1,elastic_net,1se,0.06057009513546398,road_density_buffer,0,0,FALSE,0.09052283394502252,39_covariate
Fold1,elastic_net,1se,0.06057009513546398,veg_height_buffer_m,0,0,FALSE,0.09052283394502252,39_covariate
Fold1,elastic_net,1se,0.06057009513546398,veg_cover_buffer_pct,0,0,FALSE,0.09052283394502252,39_covariate
Fold2,elastic_net,min,0.018286492300607367,channel_slope,-0.8035258960040264,-0.11058199020020569,TRUE,0.07391469536039222,39_covariate
Fold2,elastic_net,min,0.018286492300607367,elevation_m,-1.0738668275943455e-4,-0.20862793703689286,TRUE,0.07391469536039222,39_covariate
Fold2,elastic_net,min,0.018286492300607367,base_flow_index,-0.0043747811363085394,-0.29552912395264136,TRUE,0.07391469536039222,39_covariate
Fold2,elastic_net,min,0.018286492300607367,summer_mean_max_air_temp_c,0,0,FALSE,0.07391469536039222,39_covariate
Fold2,elastic_net,min,0.018286492300607367,summer_max_air_temp_c,0,0,FALSE,0.07391469536039222,39_covariate
Fold2,elastic_net,min,0.018286492300607367,annual_precip_mm,0,0,FALSE,0.07391469536039222,39_covariate
Fold2,elastic_net,min,0.018286492300607367,summer_precip_mm,0,0,FALSE,0.07391469536039222,39_covariate
Fold2,elastic_net,min,0.018286492300607367,summer_mean_air_temp_c,0,0,FALSE,0.07391469536039222,39_covariate
Fold2,elastic_net,min,0.018286492300607367,wet_season_precip_mm,0,0,FALSE,0.07391469536039222,39_covariate
Fold2,elastic_net,min,0.018286492300607367,developed_upstream_pct,0,0,FALSE,0.07391469536039222,39_covariate
Fold2,elastic_net,min,0.018286492300607367,lakes_upstream_pct,0,0,FALSE,0.07391469536039222,39_covariate
Fold2,elastic_net,min,0.018286492300607367,agricultural_upstream_pct,0,0,FALSE,0.07391469536039222,39_covariate
Fold2,elastic_net,min,0.018286492300607367,burned_upstream_pct,0,0,FALSE,0.07391469536039222,39_covariate
Fold2,elastic_net,min,0.018286492300607367,road_density_upstream,-2.7451357008119546e-4,-0.0012328519644642828,TRUE,0.07391469536039222,39_covariate
Fold2,elastic_net,min,0.018286492300607367,high_cascades_upstream_pct,-0.17407846476766342,-0.29653227645015384,TRUE,0.07391469536039222,39_covariate
Fold2,elastic_net,min,0.018286492300607367,wetlands_upstream_pct,0,0,FALSE,0.07391469536039222,39_covariate
Fold2,elastic_net,min,0.018286492300607367,veg_cover_upstream_pct,0,0,FALSE,0.07391469536039222,39_covariate
Fold2,elastic_net,min,0.018286492300607367,veg_height_upstream_m,0,0,FALSE,0.07391469536039222,39_covariate
Fold2,elastic_net,min,0.018286492300607367,forest_upstream_pct,0,0,FALSE,0.07391469536039222,39_covariate
Fold2,elastic_net,min,0.018286492300607367,shrub_upstream_pct,0.04112971130203825,0.056953982799367205,TRUE,0.07391469536039222,39_covariate
Fold2,elastic_net,min,0.018286492300607367,upstream_area_km2,-4.5677322437581094e-5,-0.17786128560745382,TRUE,0.07391469536039222,39_covariate
Fold2,elastic_net,min,0.018286492300607367,burned_reach_pct,0,0,FALSE,0.07391469536039222,39_covariate
Fold2,elastic_net,min,0.018286492300607367,agricultural_reach_pct,0.016127461412090593,0.018790743187907428,TRUE,0.07391469536039222,39_covariate
Fold2,elastic_net,min,0.018286492300607367,wetlands_reach_pct,-0.033790244378153665,-0.019590947242049777,TRUE,0.07391469536039222,39_covariate
Fold2,elastic_net,min,0.018286492300607367,lakes_reach_pct,0,0,FALSE,0.07391469536039222,39_covariate
Fold2,elastic_net,min,0.018286492300607367,high_cascades_reach_pct,0,0,FALSE,0.07391469536039222,39_covariate
Fold2,elastic_net,min,0.018286492300607367,developed_reach_pct,0,0,FALSE,0.07391469536039222,39_covariate
Fold2,elastic_net,min,0.018286492300607367,road_density_reach,0,0,FALSE,0.07391469536039222,39_covariate
Fold2,elastic_net,min,0.018286492300607367,veg_cover_reach_pct,-2.4260859161494713e-7,-2.7806471077199856e-5,TRUE,0.07391469536039222,39_covariate
Fold2,elastic_net,min,0.018286492300607367,veg_height_reach_m,0,0,FALSE,0.07391469536039222,39_covariate
Fold2,elastic_net,min,0.018286492300607367,developed_buffer_pct,0,0,FALSE,0.07391469536039222,39_covariate
Fold2,elastic_net,min,0.018286492300607367,agricultural_buffer_pct,0,0,FALSE,0.07391469536039222,39_covariate
Fold2,elastic_net,min,0.018286492300607367,burned_buffer_pct,0,0,FALSE,0.07391469536039222,39_covariate
Fold2,elastic_net,min,0.018286492300607367,wetlands_buffer_pct,0,0,FALSE,0.07391469536039222,39_covariate
Fold2,elastic_net,min,0.018286492300607367,lakes_buffer_pct,0,0,FALSE,0.07391469536039222,39_covariate
Fold2,elastic_net,min,0.018286492300607367,high_cascades_buffer_pct,0,0,FALSE,0.07391469536039222,39_covariate
Fold2,elastic_net,min,0.018286492300607367,road_density_buffer,0,0,FALSE,0.07391469536039222,39_covariate
Fold2,elastic_net,min,0.018286492300607367,veg_height_buffer_m,0,0,FALSE,0.07391469536039222,39_covariate
Fold2,elastic_net,min,0.018286492300607367,veg_cover_buffer_pct,0,0,FALSE,0.07391469536039222,39_covariate
Fold2,elastic_net,1se,0.035071851233329815,channel_slope,-0.2641366824736146,-0.03635073888479349,TRUE,0.07846200528715166,39_covariate
Fold2,elastic_net,1se,0.035071851233329815,elevation_m,-9.510658952740048e-5,-0.18477050470183087,TRUE,0.07846200528715166,39_covariate
Fold2,elastic_net,1se,0.035071851233329815,base_flow_index,-0.003411141277802352,-0.23043246327020953,TRUE,0.07846200528715166,39_covariate
Fold2,elastic_net,1se,0.035071851233329815,summer_mean_max_air_temp_c,0,0,FALSE,0.07846200528715166,39_covariate
Fold2,elastic_net,1se,0.035071851233329815,summer_max_air_temp_c,0,0,FALSE,0.07846200528715166,39_covariate
Fold2,elastic_net,1se,0.035071851233329815,annual_precip_mm,0,0,FALSE,0.07846200528715166,39_covariate
Fold2,elastic_net,1se,0.035071851233329815,summer_precip_mm,0,0,FALSE,0.07846200528715166,39_covariate
Fold2,elastic_net,1se,0.035071851233329815,summer_mean_air_temp_c,0,0,FALSE,0.07846200528715166,39_covariate
Fold2,elastic_net,1se,0.035071851233329815,wet_season_precip_mm,0,0,FALSE,0.07846200528715166,39_covariate
Fold2,elastic_net,1se,0.035071851233329815,developed_upstream_pct,0,0,FALSE,0.07846200528715166,39_covariate
Fold2,elastic_net,1se,0.035071851233329815,lakes_upstream_pct,0,0,FALSE,0.07846200528715166,39_covariate
Fold2,elastic_net,1se,0.035071851233329815,agricultural_upstream_pct,0,0,FALSE,0.07846200528715166,39_covariate
Fold2,elastic_net,1se,0.035071851233329815,burned_upstream_pct,0,0,FALSE,0.07846200528715166,39_covariate
Fold2,elastic_net,1se,0.035071851233329815,road_density_upstream,0,0,FALSE,0.07846200528715166,39_covariate
Fold2,elastic_net,1se,0.035071851233329815,high_cascades_upstream_pct,-0.17626005677852663,-0.30024848825228656,TRUE,0.07846200528715166,39_covariate
Fold2,elastic_net,1se,0.035071851233329815,wetlands_upstream_pct,0,0,FALSE,0.07846200528715166,39_covariate
Fold2,elastic_net,1se,0.035071851233329815,veg_cover_upstream_pct,0,0,FALSE,0.07846200528715166,39_covariate
Fold2,elastic_net,1se,0.035071851233329815,veg_height_upstream_m,-1.0993606763862968e-4,-0.004193904175854792,TRUE,0.07846200528715166,39_covariate
Fold2,elastic_net,1se,0.035071851233329815,forest_upstream_pct,0,0,FALSE,0.07846200528715166,39_covariate
Fold2,elastic_net,1se,0.035071851233329815,shrub_upstream_pct,0,0,FALSE,0.07846200528715166,39_covariate
Fold2,elastic_net,1se,0.035071851233329815,upstream_area_km2,-1.653323690911948e-5,-0.06437817750650801,TRUE,0.07846200528715166,39_covariate
Fold2,elastic_net,1se,0.035071851233329815,burned_reach_pct,0,0,FALSE,0.07846200528715166,39_covariate
Fold2,elastic_net,1se,0.035071851233329815,agricultural_reach_pct,0.021539338509978617,0.025096335253047528,TRUE,0.07846200528715166,39_covariate
Fold2,elastic_net,1se,0.035071851233329815,wetlands_reach_pct,0,0,FALSE,0.07846200528715166,39_covariate
Fold2,elastic_net,1se,0.035071851233329815,lakes_reach_pct,0,0,FALSE,0.07846200528715166,39_covariate
Fold2,elastic_net,1se,0.035071851233329815,high_cascades_reach_pct,0,0,FALSE,0.07846200528715166,39_covariate
Fold2,elastic_net,1se,0.035071851233329815,developed_reach_pct,0,0,FALSE,0.07846200528715166,39_covariate
Fold2,elastic_net,1se,0.035071851233329815,road_density_reach,0,0,FALSE,0.07846200528715166,39_covariate
Fold2,elastic_net,1se,0.035071851233329815,veg_cover_reach_pct,-2.6116840890381386e-6,-2.993369591786041e-4,TRUE,0.07846200528715166,39_covariate
Fold2,elastic_net,1se,0.035071851233329815,veg_height_reach_m,0,0,FALSE,0.07846200528715166,39_covariate
Fold2,elastic_net,1se,0.035071851233329815,developed_buffer_pct,0,0,FALSE,0.07846200528715166,39_covariate
Fold2,elastic_net,1se,0.035071851233329815,agricultural_buffer_pct,0,0,FALSE,0.07846200528715166,39_covariate
Fold2,elastic_net,1se,0.035071851233329815,burned_buffer_pct,0,0,FALSE,0.07846200528715166,39_covariate
Fold2,elastic_net,1se,0.035071851233329815,wetlands_buffer_pct,0,0,FALSE,0.07846200528715166,39_covariate
Fold2,elastic_net,1se,0.035071851233329815,lakes_buffer_pct,0,0,FALSE,0.07846200528715166,39_covariate
Fold2,elastic_net,1se,0.035071851233329815,high_cascades_buffer_pct,0,0,FALSE,0.07846200528715166,39_covariate
Fold2,elastic_net,1se,0.035071851233329815,road_density_buffer,0,0,FALSE,0.07846200528715166,39_covariate
Fold2,elastic_net,1se,0.035071851233329815,veg_height_buffer_m,0,0,FALSE,0.07846200528715166,39_covariate
Fold2,elastic_net,1se,0.035071851233329815,veg_cover_buffer_pct,0,0,FALSE,0.07846200528715166,39_covariate
Fold3,elastic_net,min,0.011462788532394215,channel_slope,-0.4653845336059754,-0.09162190744704334,TRUE,0.07492160358095297,39_covariate
Fold3,elastic_net,min,0.011462788532394215,elevation_m,-1.0838812306389209e-4,-0.21215074107764265,TRUE,0.07492160358095297,39_covariate
Fold3,elastic_net,min,0.011462788532394215,base_flow_index,-0.004505469146272325,-0.3081729511049483,TRUE,0.07492160358095297,39_covariate
Fold3,elastic_net,min,0.011462788532394215,summer_mean_max_air_temp_c,0,0,FALSE,0.07492160358095297,39_covariate
Fold3,elastic_net,min,0.011462788532394215,summer_max_air_temp_c,0,0,FALSE,0.07492160358095297,39_covariate
Fold3,elastic_net,min,0.011462788532394215,annual_precip_mm,-1.393617014045243e-5,-0.026165574968498376,TRUE,0.07492160358095297,39_covariate
Fold3,elastic_net,min,0.011462788532394215,summer_precip_mm,0,0,FALSE,0.07492160358095297,39_covariate
Fold3,elastic_net,min,0.011462788532394215,summer_mean_air_temp_c,0,0,FALSE,0.07492160358095297,39_covariate
Fold3,elastic_net,min,0.011462788532394215,wet_season_precip_mm,-3.0363357124713062e-5,-0.05018267072971538,TRUE,0.07492160358095297,39_covariate
Fold3,elastic_net,min,0.011462788532394215,developed_upstream_pct,0,0,FALSE,0.07492160358095297,39_covariate
Fold3,elastic_net,min,0.011462788532394215,lakes_upstream_pct,0,0,FALSE,0.07492160358095297,39_covariate
Fold3,elastic_net,min,0.011462788532394215,agricultural_upstream_pct,0,0,FALSE,0.07492160358095297,39_covariate
Fold3,elastic_net,min,0.011462788532394215,burned_upstream_pct,0,0,FALSE,0.07492160358095297,39_covariate
Fold3,elastic_net,min,0.011462788532394215,road_density_upstream,-0.021401100195280666,-0.12217935769243309,TRUE,0.07492160358095297,39_covariate
Fold3,elastic_net,min,0.011462788532394215,high_cascades_upstream_pct,-0.17141638301504264,-0.2992814895245342,TRUE,0.07492160358095297,39_covariate
Fold3,elastic_net,min,0.011462788532394215,wetlands_upstream_pct,0,0,FALSE,0.07492160358095297,39_covariate
Fold3,elastic_net,min,0.011462788532394215,veg_cover_upstream_pct,-6.128587108590376e-4,-0.06733343819382293,TRUE,0.07492160358095297,39_covariate
Fold3,elastic_net,min,0.011462788532394215,veg_height_upstream_m,0,0,FALSE,0.07492160358095297,39_covariate
Fold3,elastic_net,min,0.011462788532394215,forest_upstream_pct,0,0,FALSE,0.07492160358095297,39_covariate
Fold3,elastic_net,min,0.011462788532394215,shrub_upstream_pct,0.032207097940883105,0.045643942493603464,TRUE,0.07492160358095297,39_covariate
Fold3,elastic_net,min,0.011462788532394215,upstream_area_km2,-5.567246770634099e-5,-0.1870156533005156,TRUE,0.07492160358095297,39_covariate
Fold3,elastic_net,min,0.011462788532394215,burned_reach_pct,0,0,FALSE,0.07492160358095297,39_covariate
Fold3,elastic_net,min,0.011462788532394215,agricultural_reach_pct,0,0,FALSE,0.07492160358095297,39_covariate
Fold3,elastic_net,min,0.011462788532394215,wetlands_reach_pct,-0.02566798128745493,-0.014606017483192305,TRUE,0.07492160358095297,39_covariate
Fold3,elastic_net,min,0.011462788532394215,lakes_reach_pct,0,0,FALSE,0.07492160358095297,39_covariate
Fold3,elastic_net,min,0.011462788532394215,high_cascades_reach_pct,0,0,FALSE,0.07492160358095297,39_covariate
Fold3,elastic_net,min,0.011462788532394215,developed_reach_pct,0,0,FALSE,0.07492160358095297,39_covariate
Fold3,elastic_net,min,0.011462788532394215,road_density_reach,-0.00214679137911594,-0.022180470924867995,TRUE,0.07492160358095297,39_covariate
Fold3,elastic_net,min,0.011462788532394215,veg_cover_reach_pct,0,0,FALSE,0.07492160358095297,39_covariate
Fold3,elastic_net,min,0.011462788532394215,veg_height_reach_m,0,0,FALSE,0.07492160358095297,39_covariate
Fold3,elastic_net,min,0.011462788532394215,developed_buffer_pct,0,0,FALSE,0.07492160358095297,39_covariate
Fold3,elastic_net,min,0.011462788532394215,agricultural_buffer_pct,0,0,FALSE,0.07492160358095297,39_covariate
Fold3,elastic_net,min,0.011462788532394215,burned_buffer_pct,0,0,FALSE,0.07492160358095297,39_covariate
Fold3,elastic_net,min,0.011462788532394215,wetlands_buffer_pct,0,0,FALSE,0.07492160358095297,39_covariate
Fold3,elastic_net,min,0.011462788532394215,lakes_buffer_pct,0,0,FALSE,0.07492160358095297,39_covariate
Fold3,elastic_net,min,0.011462788532394215,high_cascades_buffer_pct,0,0,FALSE,0.07492160358095297,39_covariate
Fold3,elastic_net,min,0.011462788532394215,road_density_buffer,0,0,FALSE,0.07492160358095297,39_covariate
Fold3,elastic_net,min,0.011462788532394215,veg_height_buffer_m,0,0,FALSE,0.07492160358095297,39_covariate
Fold3,elastic_net,min,0.011462788532394215,veg_cover_buffer_pct,0,0,FALSE,0.07492160358095297,39_covariate
Fold3,elastic_net,1se,0.05078727683537222,channel_slope,0,0,FALSE,0.09394648538602908,39_covariate
Fold3,elastic_net,1se,0.05078727683537222,elevation_m,-5.5843148365724465e-5,-0.10930316878827755,TRUE,0.09394648538602908,39_covariate
Fold3,elastic_net,1se,0.05078727683537222,base_flow_index,-0.003691728097647634,-0.25251326900560744,TRUE,0.09394648538602908,39_covariate
Fold3,elastic_net,1se,0.05078727683537222,summer_mean_max_air_temp_c,0,0,FALSE,0.09394648538602908,39_covariate
Fold3,elastic_net,1se,0.05078727683537222,summer_max_air_temp_c,0,0,FALSE,0.09394648538602908,39_covariate
Fold3,elastic_net,1se,0.05078727683537222,annual_precip_mm,0,0,FALSE,0.09394648538602908,39_covariate
Fold3,elastic_net,1se,0.05078727683537222,summer_precip_mm,0,0,FALSE,0.09394648538602908,39_covariate
Fold3,elastic_net,1se,0.05078727683537222,summer_mean_air_temp_c,0,0,FALSE,0.09394648538602908,39_covariate
Fold3,elastic_net,1se,0.05078727683537222,wet_season_precip_mm,0,0,FALSE,0.09394648538602908,39_covariate
Fold3,elastic_net,1se,0.05078727683537222,developed_upstream_pct,0,0,FALSE,0.09394648538602908,39_covariate
Fold3,elastic_net,1se,0.05078727683537222,lakes_upstream_pct,0,0,FALSE,0.09394648538602908,39_covariate
Fold3,elastic_net,1se,0.05078727683537222,agricultural_upstream_pct,0,0,FALSE,0.09394648538602908,39_covariate
Fold3,elastic_net,1se,0.05078727683537222,burned_upstream_pct,0,0,FALSE,0.09394648538602908,39_covariate
Fold3,elastic_net,1se,0.05078727683537222,road_density_upstream,0,0,FALSE,0.09394648538602908,39_covariate
Fold3,elastic_net,1se,0.05078727683537222,high_cascades_upstream_pct,-0.1592594275901268,-0.2780562620191044,TRUE,0.09394648538602908,39_covariate
Fold3,elastic_net,1se,0.05078727683537222,wetlands_upstream_pct,0,0,FALSE,0.09394648538602908,39_covariate
Fold3,elastic_net,1se,0.05078727683537222,veg_cover_upstream_pct,0,0,FALSE,0.09394648538602908,39_covariate
Fold3,elastic_net,1se,0.05078727683537222,veg_height_upstream_m,-8.331965552902222e-4,-0.03391082513878943,TRUE,0.09394648538602908,39_covariate
Fold3,elastic_net,1se,0.05078727683537222,forest_upstream_pct,0,0,FALSE,0.09394648538602908,39_covariate
Fold3,elastic_net,1se,0.05078727683537222,shrub_upstream_pct,0,0,FALSE,0.09394648538602908,39_covariate
Fold3,elastic_net,1se,0.05078727683537222,upstream_area_km2,0,0,FALSE,0.09394648538602908,39_covariate
Fold3,elastic_net,1se,0.05078727683537222,burned_reach_pct,0,0,FALSE,0.09394648538602908,39_covariate
Fold3,elastic_net,1se,0.05078727683537222,agricultural_reach_pct,0,0,FALSE,0.09394648538602908,39_covariate
Fold3,elastic_net,1se,0.05078727683537222,wetlands_reach_pct,0,0,FALSE,0.09394648538602908,39_covariate
Fold3,elastic_net,1se,0.05078727683537222,lakes_reach_pct,0,0,FALSE,0.09394648538602908,39_covariate
Fold3,elastic_net,1se,0.05078727683537222,high_cascades_reach_pct,0,0,FALSE,0.09394648538602908,39_covariate
Fold3,elastic_net,1se,0.05078727683537222,developed_reach_pct,0,0,FALSE,0.09394648538602908,39_covariate
Fold3,elastic_net,1se,0.05078727683537222,road_density_reach,0,0,FALSE,0.09394648538602908,39_covariate
Fold3,elastic_net,1se,0.05078727683537222,veg_cover_reach_pct,0,0,FALSE,0.09394648538602908,39_covariate
Fold3,elastic_net,1se,0.05078727683537222,veg_height_reach_m,0,0,FALSE,0.09394648538602908,39_covariate
Fold3,elastic_net,1se,0.05078727683537222,developed_buffer_pct,0,0,FALSE,0.09394648538602908,39_covariate
Fold3,elastic_net,1se,0.05078727683537222,agricultural_buffer_pct,0,0,FALSE,0.09394648538602908,39_covariate
Fold3,elastic_net,1se,0.05078727683537222,burned_buffer_pct,0,0,FALSE,0.09394648538602908,39_covariate
Fold3,elastic_net,1se,0.05078727683537222,wetlands_buffer_pct,0,0,FALSE,0.09394648538602908,39_covariate
Fold3,elastic_net,1se,0.05078727683537222,lakes_buffer_pct,0,0,FALSE,0.09394648538602908,39_covariate
Fold3,elastic_net,1se,0.05078727683537222,high_cascades_buffer_pct,0,0,FALSE,0.09394648538602908,39_covariate
Fold3,elastic_net,1se,0.05078727683537222,road_density_buffer,0,0,FALSE,0.09394648538602908,39_covariate
Fold3,elastic_net,1se,0.05078727683537222,veg_height_buffer_m,0,0,FALSE,0.09394648538602908,39_covariate
Fold3,elastic_net,1se,0.05078727683537222,veg_cover_buffer_pct,0,0,FALSE,0.09394648538602908,39_covariate
Fold4,elastic_net,min,0.014133645613329023,channel_slope,-0.44927888645720604,-0.0854167486378088,TRUE,0.06329029579509499,39_covariate
Fold4,elastic_net,min,0.014133645613329023,elevation_m,-1.1804656142971442e-4,-0.23436012465869896,TRUE,0.06329029579509499,39_covariate
Fold4,elastic_net,min,0.014133645613329023,base_flow_index,-0.005618603819094601,-0.38031517228899403,TRUE,0.06329029579509499,39_covariate
Fold4,elastic_net,min,0.014133645613329023,summer_mean_max_air_temp_c,0,0,FALSE,0.06329029579509499,39_covariate
Fold4,elastic_net,min,0.014133645613329023,summer_max_air_temp_c,0,0,FALSE,0.06329029579509499,39_covariate
Fold4,elastic_net,min,0.014133645613329023,annual_precip_mm,0,0,FALSE,0.06329029579509499,39_covariate
Fold4,elastic_net,min,0.014133645613329023,summer_precip_mm,0,0,FALSE,0.06329029579509499,39_covariate
Fold4,elastic_net,min,0.014133645613329023,summer_mean_air_temp_c,0,0,FALSE,0.06329029579509499,39_covariate
Fold4,elastic_net,min,0.014133645613329023,wet_season_precip_mm,-1.5719667960138474e-5,-0.028679128606846627,TRUE,0.06329029579509499,39_covariate
Fold4,elastic_net,min,0.014133645613329023,developed_upstream_pct,-0.05280368987162661,-0.03118601987713917,TRUE,0.06329029579509499,39_covariate
Fold4,elastic_net,min,0.014133645613329023,lakes_upstream_pct,0,0,FALSE,0.06329029579509499,39_covariate
Fold4,elastic_net,min,0.014133645613329023,agricultural_upstream_pct,0.043733791779306565,0.044243948405110915,TRUE,0.06329029579509499,39_covariate
Fold4,elastic_net,min,0.014133645613329023,burned_upstream_pct,0,0,FALSE,0.06329029579509499,39_covariate
Fold4,elastic_net,min,0.014133645613329023,road_density_upstream,-0.011036657818507796,-0.060072616655968546,TRUE,0.06329029579509499,39_covariate
Fold4,elastic_net,min,0.014133645613329023,high_cascades_upstream_pct,-0.14032095525936475,-0.23824319730678153,TRUE,0.06329029579509499,39_covariate
Fold4,elastic_net,min,0.014133645613329023,wetlands_upstream_pct,0,0,FALSE,0.06329029579509499,39_covariate
Fold4,elastic_net,min,0.014133645613329023,veg_cover_upstream_pct,0,0,FALSE,0.06329029579509499,39_covariate
Fold4,elastic_net,min,0.014133645613329023,veg_height_upstream_m,0,0,FALSE,0.06329029579509499,39_covariate
Fold4,elastic_net,min,0.014133645613329023,forest_upstream_pct,0,0,FALSE,0.06329029579509499,39_covariate
Fold4,elastic_net,min,0.014133645613329023,shrub_upstream_pct,0.08197551375289532,0.12000978613119916,TRUE,0.06329029579509499,39_covariate
Fold4,elastic_net,min,0.014133645613329023,upstream_area_km2,-5.1300989037780636e-5,-0.19832531100850534,TRUE,0.06329029579509499,39_covariate
Fold4,elastic_net,min,0.014133645613329023,burned_reach_pct,0,0,FALSE,0.06329029579509499,39_covariate
Fold4,elastic_net,min,0.014133645613329023,agricultural_reach_pct,0,0,FALSE,0.06329029579509499,39_covariate
Fold4,elastic_net,min,0.014133645613329023,wetlands_reach_pct,-0.012004067332214938,-0.006849094636404423,TRUE,0.06329029579509499,39_covariate
Fold4,elastic_net,min,0.014133645613329023,lakes_reach_pct,0,0,FALSE,0.06329029579509499,39_covariate
Fold4,elastic_net,min,0.014133645613329023,high_cascades_reach_pct,0,0,FALSE,0.06329029579509499,39_covariate
Fold4,elastic_net,min,0.014133645613329023,developed_reach_pct,0,0,FALSE,0.06329029579509499,39_covariate
Fold4,elastic_net,min,0.014133645613329023,road_density_reach,0,0,FALSE,0.06329029579509499,39_covariate
Fold4,elastic_net,min,0.014133645613329023,veg_cover_reach_pct,-2.055261255590852e-5,-0.002490079419084257,TRUE,0.06329029579509499,39_covariate
Fold4,elastic_net,min,0.014133645613329023,veg_height_reach_m,0,0,FALSE,0.06329029579509499,39_covariate
Fold4,elastic_net,min,0.014133645613329023,developed_buffer_pct,0,0,FALSE,0.06329029579509499,39_covariate
Fold4,elastic_net,min,0.014133645613329023,agricultural_buffer_pct,0,0,FALSE,0.06329029579509499,39_covariate
Fold4,elastic_net,min,0.014133645613329023,burned_buffer_pct,0,0,FALSE,0.06329029579509499,39_covariate
Fold4,elastic_net,min,0.014133645613329023,wetlands_buffer_pct,0,0,FALSE,0.06329029579509499,39_covariate
Fold4,elastic_net,min,0.014133645613329023,lakes_buffer_pct,0,0,FALSE,0.06329029579509499,39_covariate
Fold4,elastic_net,min,0.014133645613329023,high_cascades_buffer_pct,0,0,FALSE,0.06329029579509499,39_covariate
Fold4,elastic_net,min,0.014133645613329023,road_density_buffer,0,0,FALSE,0.06329029579509499,39_covariate
Fold4,elastic_net,min,0.014133645613329023,veg_height_buffer_m,0,0,FALSE,0.06329029579509499,39_covariate
Fold4,elastic_net,min,0.014133645613329023,veg_cover_buffer_pct,0,0,FALSE,0.06329029579509499,39_covariate
Fold4,elastic_net,1se,0.032650554501801446,channel_slope,0,0,FALSE,0.07303626047942044,39_covariate
Fold4,elastic_net,1se,0.032650554501801446,elevation_m,-9.415431567364301e-5,-0.18692638642903375,TRUE,0.07303626047942044,39_covariate
Fold4,elastic_net,1se,0.032650554501801446,base_flow_index,-0.004229819405037771,-0.28631036242692315,TRUE,0.07303626047942044,39_covariate
Fold4,elastic_net,1se,0.032650554501801446,summer_mean_max_air_temp_c,0,0,FALSE,0.07303626047942044,39_covariate
Fold4,elastic_net,1se,0.032650554501801446,summer_max_air_temp_c,0,0,FALSE,0.07303626047942044,39_covariate
Fold4,elastic_net,1se,0.032650554501801446,annual_precip_mm,0,0,FALSE,0.07303626047942044,39_covariate
Fold4,elastic_net,1se,0.032650554501801446,summer_precip_mm,0,0,FALSE,0.07303626047942044,39_covariate
Fold4,elastic_net,1se,0.032650554501801446,summer_mean_air_temp_c,0,0,FALSE,0.07303626047942044,39_covariate
Fold4,elastic_net,1se,0.032650554501801446,wet_season_precip_mm,0,0,FALSE,0.07303626047942044,39_covariate
Fold4,elastic_net,1se,0.032650554501801446,developed_upstream_pct,0,0,FALSE,0.07303626047942044,39_covariate
Fold4,elastic_net,1se,0.032650554501801446,lakes_upstream_pct,0,0,FALSE,0.07303626047942044,39_covariate
Fold4,elastic_net,1se,0.032650554501801446,agricultural_upstream_pct,0,0,FALSE,0.07303626047942044,39_covariate
Fold4,elastic_net,1se,0.032650554501801446,burned_upstream_pct,0,0,FALSE,0.07303626047942044,39_covariate
Fold4,elastic_net,1se,0.032650554501801446,road_density_upstream,0,0,FALSE,0.07303626047942044,39_covariate
Fold4,elastic_net,1se,0.032650554501801446,high_cascades_upstream_pct,-0.15782031135500343,-0.26795438719519726,TRUE,0.07303626047942044,39_covariate
Fold4,elastic_net,1se,0.032650554501801446,wetlands_upstream_pct,0,0,FALSE,0.07303626047942044,39_covariate
Fold4,elastic_net,1se,0.032650554501801446,veg_cover_upstream_pct,-6.358668273803799e-5,-0.006769089490716392,TRUE,0.07303626047942044,39_covariate
Fold4,elastic_net,1se,0.032650554501801446,veg_height_upstream_m,-5.417341076906647e-4,-0.021317475898358952,TRUE,0.07303626047942044,39_covariate
Fold4,elastic_net,1se,0.032650554501801446,forest_upstream_pct,0,0,FALSE,0.07303626047942044,39_covariate
Fold4,elastic_net,1se,0.032650554501801446,shrub_upstream_pct,0.01297444187484047,0.018994208432347708,TRUE,0.07303626047942044,39_covariate
Fold4,elastic_net,1se,0.032650554501801446,upstream_area_km2,-1.3720640699119593e-5,-0.05304284351876446,TRUE,0.07303626047942044,39_covariate
Fold4,elastic_net,1se,0.032650554501801446,burned_reach_pct,0,0,FALSE,0.07303626047942044,39_covariate
Fold4,elastic_net,1se,0.032650554501801446,agricultural_reach_pct,0,0,FALSE,0.07303626047942044,39_covariate
Fold4,elastic_net,1se,0.032650554501801446,wetlands_reach_pct,0,0,FALSE,0.07303626047942044,39_covariate
Fold4,elastic_net,1se,0.032650554501801446,lakes_reach_pct,0,0,FALSE,0.07303626047942044,39_covariate
Fold4,elastic_net,1se,0.032650554501801446,high_cascades_reach_pct,0,0,FALSE,0.07303626047942044,39_covariate
Fold4,elastic_net,1se,0.032650554501801446,developed_reach_pct,0,0,FALSE,0.07303626047942044,39_covariate
Fold4,elastic_net,1se,0.032650554501801446,road_density_reach,0,0,FALSE,0.07303626047942044,39_covariate
Fold4,elastic_net,1se,0.032650554501801446,veg_cover_reach_pct,0,0,FALSE,0.07303626047942044,39_covariate
Fold4,elastic_net,1se,0.032650554501801446,veg_height_reach_m,0,0,FALSE,0.07303626047942044,39_covariate
Fold4,elastic_net,1se,0.032650554501801446,developed_buffer_pct,0,0,FALSE,0.07303626047942044,39_covariate
Fold4,elastic_net,1se,0.032650554501801446,agricultural_buffer_pct,0,0,FALSE,0.07303626047942044,39_covariate
Fold4,elastic_net,1se,0.032650554501801446,burned_buffer_pct,0,0,FALSE,0.07303626047942044,39_covariate
Fold4,elastic_net,1se,0.032650554501801446,wetlands_buffer_pct,0,0,FALSE,0.07303626047942044,39_covariate
Fold4,elastic_net,1se,0.032650554501801446,lakes_buffer_pct,0,0,FALSE,0.07303626047942044,39_covariate
Fold4,elastic_net,1se,0.032650554501801446,high_cascades_buffer_pct,0,0,FALSE,0.07303626047942044,39_covariate
Fold4,elastic_net,1se,0.032650554501801446,road_density_buffer,0,0,FALSE,0.07303626047942044,39_covariate
Fold4,elastic_net,1se,0.032650554501801446,veg_height_buffer_m,0,0,FALSE,0.07303626047942044,39_covariate
Fold4,elastic_net,1se,0.032650554501801446,veg_cover_buffer_pct,0,0,FALSE,0.07303626047942044,39_covariate
Fold5,elastic_net,min,0.00521410308768779,channel_slope,-0.4770014516257024,-0.09970742731701496,TRUE,0.09155287460533111,39_covariate
Fold5,elastic_net,min,0.00521410308768779,elevation_m,-9.4926097556775e-5,-0.19420754078439834,TRUE,0.09155287460533111,39_covariate
Fold5,elastic_net,min,0.00521410308768779,base_flow_index,-0.004841598323034274,-0.34327075404056356,TRUE,0.09155287460533111,39_covariate
Fold5,elastic_net,min,0.00521410308768779,summer_mean_max_air_temp_c,0,0,FALSE,0.09155287460533111,39_covariate
Fold5,elastic_net,min,0.00521410308768779,summer_max_air_temp_c,-0.005035362662066693,-0.05766861773637142,TRUE,0.09155287460533111,39_covariate
Fold5,elastic_net,min,0.00521410308768779,annual_precip_mm,0,0,FALSE,0.09155287460533111,39_covariate
Fold5,elastic_net,min,0.00521410308768779,summer_precip_mm,0,0,FALSE,0.09155287460533111,39_covariate
Fold5,elastic_net,min,0.00521410308768779,summer_mean_air_temp_c,0,0,FALSE,0.09155287460533111,39_covariate
Fold5,elastic_net,min,0.00521410308768779,wet_season_precip_mm,-4.374582860215566e-6,-0.007349743661383349,TRUE,0.09155287460533111,39_covariate
Fold5,elastic_net,min,0.00521410308768779,developed_upstream_pct,-0.24087811047675622,-0.15280293082001062,TRUE,0.09155287460533111,39_covariate
Fold5,elastic_net,min,0.00521410308768779,lakes_upstream_pct,0,0,FALSE,0.09155287460533111,39_covariate
Fold5,elastic_net,min,0.00521410308768779,agricultural_upstream_pct,0,0,FALSE,0.09155287460533111,39_covariate
Fold5,elastic_net,min,0.00521410308768779,burned_upstream_pct,-0.12918807878695834,-0.12405077546542913,TRUE,0.09155287460533111,39_covariate
Fold5,elastic_net,min,0.00521410308768779,road_density_upstream,-0.019523541924021396,-0.11649811356134424,TRUE,0.09155287460533111,39_covariate
Fold5,elastic_net,min,0.00521410308768779,high_cascades_upstream_pct,-0.2019107021195748,-0.3255684386883628,TRUE,0.09155287460533111,39_covariate
Fold5,elastic_net,min,0.00521410308768779,wetlands_upstream_pct,0,0,FALSE,0.09155287460533111,39_covariate
Fold5,elastic_net,min,0.00521410308768779,veg_cover_upstream_pct,-0.0014016895365994535,-0.16041601615633957,TRUE,0.09155287460533111,39_covariate
Fold5,elastic_net,min,0.00521410308768779,veg_height_upstream_m,0,0,FALSE,0.09155287460533111,39_covariate
Fold5,elastic_net,min,0.00521410308768779,forest_upstream_pct,0,0,FALSE,0.09155287460533111,39_covariate
Fold5,elastic_net,min,0.00521410308768779,shrub_upstream_pct,0.1388687525989994,0.21433819112285168,TRUE,0.09155287460533111,39_covariate
Fold5,elastic_net,min,0.00521410308768779,upstream_area_km2,-6.224819988787115e-5,-0.2580854690354959,TRUE,0.09155287460533111,39_covariate
Fold5,elastic_net,min,0.00521410308768779,burned_reach_pct,0,0,FALSE,0.09155287460533111,39_covariate
Fold5,elastic_net,min,0.00521410308768779,agricultural_reach_pct,0,0,FALSE,0.09155287460533111,39_covariate
Fold5,elastic_net,min,0.00521410308768779,wetlands_reach_pct,-0.12274779931607006,-0.06957934787514233,TRUE,0.09155287460533111,39_covariate
Fold5,elastic_net,min,0.00521410308768779,lakes_reach_pct,-0.07863218904369519,-0.004251492251386175,TRUE,0.09155287460533111,39_covariate
Fold5,elastic_net,min,0.00521410308768779,high_cascades_reach_pct,0.06336812557807393,0.08419363482785025,TRUE,0.09155287460533111,39_covariate
Fold5,elastic_net,min,0.00521410308768779,developed_reach_pct,-0.009650236069574668,-0.008425984146865661,TRUE,0.09155287460533111,39_covariate
Fold5,elastic_net,min,0.00521410308768779,road_density_reach,0,0,FALSE,0.09155287460533111,39_covariate
Fold5,elastic_net,min,0.00521410308768779,veg_cover_reach_pct,-9.906593447813203e-4,-0.12423498234610023,TRUE,0.09155287460533111,39_covariate
Fold5,elastic_net,min,0.00521410308768779,veg_height_reach_m,0,0,FALSE,0.09155287460533111,39_covariate
Fold5,elastic_net,min,0.00521410308768779,developed_buffer_pct,0,0,FALSE,0.09155287460533111,39_covariate
Fold5,elastic_net,min,0.00521410308768779,agricultural_buffer_pct,-0.01993619030011831,-0.015311803438680275,TRUE,0.09155287460533111,39_covariate
Fold5,elastic_net,min,0.00521410308768779,burned_buffer_pct,-0.11775713615531207,-0.07619452233492482,TRUE,0.09155287460533111,39_covariate
Fold5,elastic_net,min,0.00521410308768779,wetlands_buffer_pct,0,0,FALSE,0.09155287460533111,39_covariate
Fold5,elastic_net,min,0.00521410308768779,lakes_buffer_pct,0,0,FALSE,0.09155287460533111,39_covariate
Fold5,elastic_net,min,0.00521410308768779,high_cascades_buffer_pct,0,0,FALSE,0.09155287460533111,39_covariate
Fold5,elastic_net,min,0.00521410308768779,road_density_buffer,0.002781754577734257,0.0418852653365409,TRUE,0.09155287460533111,39_covariate
Fold5,elastic_net,min,0.00521410308768779,veg_height_buffer_m,0,0,FALSE,0.09155287460533111,39_covariate
Fold5,elastic_net,min,0.00521410308768779,veg_cover_buffer_pct,0,0,FALSE,0.09155287460533111,39_covariate
Fold5,elastic_net,1se,0.025354105912814284,channel_slope,-0.09480686687672644,-0.019817442391522815,TRUE,0.08808157826226361,39_covariate
Fold5,elastic_net,1se,0.025354105912814284,elevation_m,-7.601349670972198e-5,-0.15551460180472204,TRUE,0.08808157826226361,39_covariate
Fold5,elastic_net,1se,0.025354105912814284,base_flow_index,-0.004837328491977157,-0.34296802175489893,TRUE,0.08808157826226361,39_covariate
Fold5,elastic_net,1se,0.025354105912814284,summer_mean_max_air_temp_c,0,0,FALSE,0.08808157826226361,39_covariate
Fold5,elastic_net,1se,0.025354105912814284,summer_max_air_temp_c,0,0,FALSE,0.08808157826226361,39_covariate
Fold5,elastic_net,1se,0.025354105912814284,annual_precip_mm,0,0,FALSE,0.08808157826226361,39_covariate
Fold5,elastic_net,1se,0.025354105912814284,summer_precip_mm,0,0,FALSE,0.08808157826226361,39_covariate
Fold5,elastic_net,1se,0.025354105912814284,summer_mean_air_temp_c,0,0,FALSE,0.08808157826226361,39_covariate
Fold5,elastic_net,1se,0.025354105912814284,wet_season_precip_mm,0,0,FALSE,0.08808157826226361,39_covariate
Fold5,elastic_net,1se,0.025354105912814284,developed_upstream_pct,0,0,FALSE,0.08808157826226361,39_covariate
Fold5,elastic_net,1se,0.025354105912814284,lakes_upstream_pct,0,0,FALSE,0.08808157826226361,39_covariate
Fold5,elastic_net,1se,0.025354105912814284,agricultural_upstream_pct,0,0,FALSE,0.08808157826226361,39_covariate
Fold5,elastic_net,1se,0.025354105912814284,burned_upstream_pct,0,0,FALSE,0.08808157826226361,39_covariate
Fold5,elastic_net,1se,0.025354105912814284,road_density_upstream,-0.0028801741527000875,-0.017186167183366838,TRUE,0.08808157826226361,39_covariate
Fold5,elastic_net,1se,0.025354105912814284,high_cascades_upstream_pct,-0.17669352070249636,-0.28490730336519715,TRUE,0.08808157826226361,39_covariate
Fold5,elastic_net,1se,0.025354105912814284,wetlands_upstream_pct,0,0,FALSE,0.08808157826226361,39_covariate
Fold5,elastic_net,1se,0.025354105912814284,veg_cover_upstream_pct,-1.3439463858819537e-4,-0.015380761539671875,TRUE,0.08808157826226361,39_covariate
Fold5,elastic_net,1se,0.025354105912814284,veg_height_upstream_m,-1.149828096353808e-4,-0.00488640317577494,TRUE,0.08808157826226361,39_covariate
Fold5,elastic_net,1se,0.025354105912814284,forest_upstream_pct,0,0,FALSE,0.08808157826226361,39_covariate
Fold5,elastic_net,1se,0.025354105912814284,shrub_upstream_pct,0.04594837159208229,0.07091941612326765,TRUE,0.08808157826226361,39_covariate
Fold5,elastic_net,1se,0.025354105912814284,upstream_area_km2,-2.9419041721341402e-5,-0.12197344172046679,TRUE,0.08808157826226361,39_covariate
Fold5,elastic_net,1se,0.025354105912814284,burned_reach_pct,0,0,FALSE,0.08808157826226361,39_covariate
Fold5,elastic_net,1se,0.025354105912814284,agricultural_reach_pct,0.00628088392934754,0.008076368838368198,TRUE,0.08808157826226361,39_covariate
Fold5,elastic_net,1se,0.025354105912814284,wetlands_reach_pct,0,0,FALSE,0.08808157826226361,39_covariate
Fold5,elastic_net,1se,0.025354105912814284,lakes_reach_pct,0,0,FALSE,0.08808157826226361,39_covariate
Fold5,elastic_net,1se,0.025354105912814284,high_cascades_reach_pct,0,0,FALSE,0.08808157826226361,39_covariate
Fold5,elastic_net,1se,0.025354105912814284,developed_reach_pct,0,0,FALSE,0.08808157826226361,39_covariate
Fold5,elastic_net,1se,0.025354105912814284,road_density_reach,0,0,FALSE,0.08808157826226361,39_covariate
Fold5,elastic_net,1se,0.025354105912814284,veg_cover_reach_pct,0,0,FALSE,0.08808157826226361,39_covariate
Fold5,elastic_net,1se,0.025354105912814284,veg_height_reach_m,0,0,FALSE,0.08808157826226361,39_covariate
Fold5,elastic_net,1se,0.025354105912814284,developed_buffer_pct,0,0,FALSE,0.08808157826226361,39_covariate
Fold5,elastic_net,1se,0.025354105912814284,agricultural_buffer_pct,0,0,FALSE,0.08808157826226361,39_covariate
Fold5,elastic_net,1se,0.025354105912814284,burned_buffer_pct,0,0,FALSE,0.08808157826226361,39_covariate
Fold5,elastic_net,1se,0.025354105912814284,wetlands_buffer_pct,-0.005658460917720787,-0.004156810695723636,TRUE,0.08808157826226361,39_covariate
Fold5,elastic_net,1se,0.025354105912814284,lakes_buffer_pct,0,0,FALSE,0.08808157826226361,39_covariate
Fold5,elastic_net,1se,0.025354105912814284,high_cascades_buffer_pct,0,0,FALSE,0.08808157826226361,39_covariate
Fold5,elastic_net,1se,0.025354105912814284,road_density_buffer,0,0,FALSE,0.08808157826226361,39_covariate
Fold5,elastic_net,1se,0.025354105912814284,veg_height_buffer_m,0,0,FALSE,0.08808157826226361,39_covariate
Fold5,elastic_net,1se,0.025354105912814284,veg_cover_buffer_pct,0,0,FALSE,0.08808157826226361,39_covariate
